{
"token":"",
"open_token":"",
"open_api_url":"https://aliyundrive-oauth.messense.me/oauth/access_token",
"thread_limit":32,
"is_vip":true,
"vip_thread_limit":0,
"vod_flags":"4k|4kz|auto",
"quark_thread_limit":32,
"quark_is_vip":false,
"quark_vip_thread_limit":16,
"quark_flags":"4kz|auto",
"uc_thread_limit":0,
"uc_is_vip":false,
"uc_vip_thread_limit":0,
"uc_flags":"4kz|auto",
"thunder_thread_limit":2,
"thunder_is_vip":false,
"thunder_vip_thread_limit":2,
"thunder_flags":"4k|4kz|auto",
"aliproxy":"",
"aliproxy_url":"",
"proxy":"",
"danmu":true,
"quark_danmu":true,
"quark_cookie":"",
"uc_cookie":"",
"thunder_username":"",
"thunder_password":"",
"thunder_captchatoken":"",
"yd_auth":"",
"yd_thread_limit":4,
"yd_flags":"auto|4kz",
"yd_danmu":true,
"pikpak_username":"",
"pikpak_password":"",
"pikpak_flags":"4k|auto",
"pikpak_thread_limit":2,
"pikpak_vip_thread_limit":2,
"pikpak_proxy":"",
"pikpak_proxy_onlyapi":false,
"pikpak_danmu":true
}
