[

{"name":"推荐",
"list":[
{"name":"雷蒙影视应用商店","url":"https://mirror.ghproxy.com/https://raw.githubusercontent.com/n3rddd/N3RD/master/JN/N3RD/W/POSTER1.png","icon":"https://mirror.ghproxy.com/https://raw.githubusercontent.com/n3rddd/N3RD/master/JN/N3RD/W/POSTER2.png"}
]
},

{"name":"雷蒙影视 标准版",
"list":[
{"name":"雷蒙影视 STD VER.","url":"https://mirror.ghproxy.com/https://raw.githubusercontent.com/n3rddd/MARKET/main/APP/CRIMETV5.5.0.apk","icon":"https://mirror.ghproxy.com/https://raw.githubusercontent.com/n3rddd/N3RD/master/JN/N3RD/W/COVER1.png","version":"5.5.0 20230902"}
]
},

{"name":"雷蒙影视 专业版",
"list":[
{"name":"雷蒙影视 PRO VER.","url":"https://mirror.ghproxy.com/https://raw.githubusercontent.com/n3rddd/MARKET/main/APP/CRIMETVPRO3.1.0v7a.apk","icon":"https://mirror.ghproxy.com/https://raw.githubusercontent.com/n3rddd/N3RD/master/JN/N3RD/W/COVER2.png","version":"3.1.0 32位 20231124"},
{"name":"雷蒙影视 PRO VER.","url":"https://mirror.ghproxy.com/https://raw.githubusercontent.com/n3rddd/MARKET/main/APP/CRIMETVPRO3.1.0v8a.apk","icon":"https://mirror.ghproxy.com/https://raw.githubusercontent.com/n3rddd/N3RD/master/JN/N3RD/W/COVER2.png","version":"3.1.0 64位 20231124"},
{"name":"雷蒙影视 PRO VER.","url":"https://mirror.ghproxy.com/https://raw.githubusercontent.com/n3rddd/MARKET/main/APP/CRIMETVPRO3.0.0v7a.apk","icon":"https://mirror.ghproxy.com/https://raw.githubusercontent.com/n3rddd/N3RD/master/JN/N3RD/W/COVER2.png","version":"3.0.0 32位 20230927"},
{"name":"雷蒙影视 PRO VER.","url":"https://mirror.ghproxy.com/https://raw.githubusercontent.com/n3rddd/MARKET/main/APP/CRIMETVPRO3.0.0v8a.apk","icon":"https://mirror.ghproxy.com/https://raw.githubusercontent.com/n3rddd/N3RD/master/JN/N3RD/W/COVER2.png","version":"3.0.0 64位 20230927"}
]
},

{"name":"雷蒙影视 LUST版",
"list":[
{"name":"雷蒙影视 LUST VER.","url":"https://mirror.ghproxy.com/https://raw.githubusercontent.com/n3rddd/MARKET/main/APP/LUSTTV3.0.0.apk","icon":"https://mirror.ghproxy.com/https://raw.githubusercontent.com/n3rddd/N3RD/master/JN/N3RD/W/COVER3.png","version":"3.0.0 20231125"},
{"name":"雷蒙影视 LUST VER.","url":"https://mirror.ghproxy.com/https://raw.githubusercontent.com/n3rddd/MARKET/main/APP/LUSTTV2.0.0.apk","icon":"https://mirror.ghproxy.com/https://raw.githubusercontent.com/n3rddd/N3RD/master/JN/N3RD/W/COVER3.png","version":"2.0.0 20230326"}
]
},
  
{"name":"本地包【将复制的链接粘贴到配置地址】",
"list":[
{"name":"雷蒙影视1125","url":"https://mirror.ghproxy.com/https://raw.githubusercontent.com/n3rddd/MARKET/main/PAK/LEM1125.zip","icon":"https://mirror.ghproxy.com/https://raw.githubusercontent.com/n3rddd/N3RD/master/JN/N3RD/W/POSTER1.png","version":"20231125","copy":"clan://localhost/Download/lem/lem.json"},
{"name":"雷蒙影视1120","url":"https://mirror.ghproxy.com/https://raw.githubusercontent.com/n3rddd/MARKET/main/PAK/LEM1120.zip","icon":"https://mirror.ghproxy.com/https://raw.githubusercontent.com/n3rddd/N3RD/master/JN/N3RD/W/POSTER1.png","version":"20231120","copy":"clan://localhost/Download/lem/lem.json"},
{"name":"雷蒙影视1110","url":"https://mirror.ghproxy.com/https://raw.githubusercontent.com/n3rddd/MARKET/main/PAK/LEM1110.zip","icon":"https://mirror.ghproxy.com/https://raw.githubusercontent.com/n3rddd/N3RD/master/JN/N3RD/W/POSTER1.png","version":"20231110","copy":"clan://localhost/Download/lem/lem.json"},

{"name":"PNDGRV1127","url":"https://mirror.ghproxy.com/https://raw.githubusercontent.com/n3rddd/MARKET/main/PAK/PG1127.zip","icon":"https://mirror.ghproxy.com/https://raw.githubusercontent.com/n3rddd/N3RD/master/JN/N3RD/W/POSTER2.png","version":"20231127","copy":"clan://localhost/Download/PG/jsm.json"},
{"name":"PNDGRV1126","url":"https://mirror.ghproxy.com/https://raw.githubusercontent.com/n3rddd/MARKET/main/PAK/PG1126.zip","icon":"https://mirror.ghproxy.com/https://raw.githubusercontent.com/n3rddd/N3RD/master/JN/N3RD/W/POSTER2.png","version":"20231126","copy":"clan://localhost/Download/PG/jsm.json"},
{"name":"PNDGRV1125","url":"https://mirror.ghproxy.com/https://raw.githubusercontent.com/n3rddd/MARKET/main/PAK/PG1125.zip","icon":"https://mirror.ghproxy.com/https://raw.githubusercontent.com/n3rddd/N3RD/master/JN/N3RD/W/POSTER2.png","version":"20231125","copy":"clan://localhost/Download/PG/jsm.json"},

{"name":"香雅情1124","url":"https://mirror.ghproxy.com/https://raw.githubusercontent.com/n3rddd/MARKET/main/PAK/XYQ1124.zip","icon":"https://mirror.ghproxy.com/https://raw.githubusercontent.com/n3rddd/N3RD/master/JN/N3RD/W/POSTER2.png","version":"20231124","copy":"clan://localhost/Download/XYQTVBox/XYQTVBox.json"},
{"name":"香雅情1123","url":"https://mirror.ghproxy.com/https://raw.githubusercontent.com/n3rddd/MARKET/main/PAK/XYQ1123.zip","icon":"https://mirror.ghproxy.com/https://raw.githubusercontent.com/n3rddd/N3RD/master/JN/N3RD/W/POSTER2.png","version":"20231123","copy":"clan://localhost/Download/XYQTVBox/XYQTVBox.json"},
{"name":"香雅情1118","url":"https://mirror.ghproxy.com/https://raw.githubusercontent.com/n3rddd/MARKET/main/PAK/XYQ1118.zip","icon":"https://mirror.ghproxy.com/https://raw.githubusercontent.com/n3rddd/N3RD/master/JN/N3RD/W/POSTER2.png","version":"20231118","copy":"clan://localhost/Download/XYQTVBox/XYQTVBox.json"},

{"name":"WATSON1123","url":"https://mirror.ghproxy.com/https://raw.githubusercontent.com/n3rddd/MARKET/main/PAK/WATSON1123.zip","icon":"https://mirror.ghproxy.com/https://raw.githubusercontent.com/n3rddd/N3RD/master/JN/N3RD/W/POSTER2.png","version":"20231123","copy":"clan://localhost/Download/JS/js.json"},
{"name":"WATSON1115","url":"https://mirror.ghproxy.com/https://raw.githubusercontent.com/n3rddd/MARKET/main/PAK/WATSON1115.zip","icon":"https://mirror.ghproxy.com/https://raw.githubusercontent.com/n3rddd/N3RD/master/JN/N3RD/W/POSTER2.png","version":"20231115","copy":"clan://localhost/Download/JS/js.json"},
{"name":"WATSON1027","url":"https://mirror.ghproxy.com/https://raw.githubusercontent.com/n3rddd/MARKET/main/PAK/WATSON1027.zip","icon":"https://mirror.ghproxy.com/https://raw.githubusercontent.com/n3rddd/N3RD/master/JN/N3RD/W/POSTER2.png","version":"20231027","copy":"clan://localhost/Download/JS/js.json"}
]
},

{"name":"v7a","list":[
{"name":"av1","url":"https://my.t4tv.hz.cz/so/armeabi-v7a/libgav1JNI.so","icon":"https://mirror.ghproxy.com/https://raw.githubusercontent.com/n3rddd/N3RD/master/JN/N3RD/W/POSTER2.png","version":"EXO"},
{"name":"荐片","url":"https://my.t4tv.hz.cz/so/armeabi-v7a/libjpa.so","icon":"https://mirror.ghproxy.com/https://raw.githubusercontent.com/n3rddd/N3RD/master/JN/N3RD/W/POSTER2.png"},
{"name":"磁力-1","url":"https://my.t4tv.hz.cz/so/armeabi-v7a/libxl_stat.so","icon":"https://mirror.ghproxy.com/https://raw.githubusercontent.com/n3rddd/N3RD/master/JN/N3RD/W/POSTER2.png"},
{"name":"磁力-2","url":"https://my.t4tv.hz.cz/so/armeabi-v7a/libxl_thunder_sdk.so","icon":"https://mirror.ghproxy.com/https://raw.githubusercontent.com/n3rddd/N3RD/master/JN/N3RD/W/POSTER2.png"},
{"name":"晴天","url":"https://my.t4tv.hz.cz/so/armeabi-v7a/libmitv.so","icon":"https://mirror.ghproxy.com/https://raw.githubusercontent.com/n3rddd/N3RD/master/JN/N3RD/W/POSTER2.png"},
{"name":"P2P","url":"https://my.t4tv.hz.cz/so/armeabi-v7a/libp2p.so","icon":"https://mirror.ghproxy.com/https://raw.githubusercontent.com/n3rddd/N3RD/master/JN/N3RD/W/POSTER2.png"},
{"name":"P3P","url":"https://my.t4tv.hz.cz/so/armeabi-v7a/libp3p.so","icon":"https://mirror.ghproxy.com/https://raw.githubusercontent.com/n3rddd/N3RD/master/JN/N3RD/W/POSTER2.png"},
{"name":"P4P","url":"https://my.t4tv.hz.cz/so/armeabi-v7a/libp4p.so","icon":"https://mirror.ghproxy.com/https://raw.githubusercontent.com/n3rddd/N3RD/master/JN/N3RD/W/POSTER2.png"},
{"name":"P5P","url":"https://my.t4tv.hz.cz/so/armeabi-v7a/libp5p.so","icon":"https://mirror.ghproxy.com/https://raw.githubusercontent.com/n3rddd/N3RD/master/JN/N3RD/W/POSTER2.png"},
{"name":"P6P","url":"https://my.t4tv.hz.cz/so/armeabi-v7a/libp6p.so","icon":"https://mirror.ghproxy.com/https://raw.githubusercontent.com/n3rddd/N3RD/master/JN/N3RD/W/POSTER2.png"},
{"name":"P7P","url":"https://my.t4tv.hz.cz/so/armeabi-v7a/libp7p.so","icon":"https://mirror.ghproxy.com/https://raw.githubusercontent.com/n3rddd/N3RD/master/JN/N3RD/W/POSTER2.png"},
{"name":"P8P","url":"https://my.t4tv.hz.cz/so/armeabi-v7a/libp8p.so","icon":"https://mirror.ghproxy.com/https://raw.githubusercontent.com/n3rddd/N3RD/master/JN/N3RD/W/POSTER2.png"},
{"name":"P9P","url":"https://my.t4tv.hz.cz/so/armeabi-v7a/libp9p.so","icon":"https://mirror.ghproxy.com/https://raw.githubusercontent.com/n3rddd/N3RD/master/JN/N3RD/W/POSTER2.png"}
]
},

{"name":"v8a","list":[
{"name":"av1","url":"https://my.t4tv.hz.cz/so/arm64-v8a/libgav1JNI.so","icon":"https://mirror.ghproxy.com/https://raw.githubusercontent.com/n3rddd/N3RD/master/JN/N3RD/W/POSTER2.png","version":"EXO"},
{"name":"荐片","url":"https://my.t4tv.hz.cz/so/arm64-v8a/libjpa.so","icon":"https://mirror.ghproxy.com/https://raw.githubusercontent.com/n3rddd/N3RD/master/JN/N3RD/W/POSTER2.png"},
{"name":"磁力-1","url":"https://my.t4tv.hz.cz/so/arm64-v8a/libxl_stat.so","icon":"https://mirror.ghproxy.com/https://raw.githubusercontent.com/n3rddd/N3RD/master/JN/N3RD/W/POSTER2.png"},
{"name":"磁力-2","url":"https://my.t4tv.hz.cz/so/arm64-v8a/libxl_thunder_sdk.so","icon":"https://mirror.ghproxy.com/https://raw.githubusercontent.com/n3rddd/N3RD/master/JN/N3RD/W/POSTER2.png"}
]
}

]
