{
"免嗅":"1",
"副标题":"class=\"module-item-note\">&&</div>",
"线路数组": "class=\"module-tab-item tab-item&&</div>",
"线路标题": "<span>&&</small>",
"播放标题":"<span>&&</span>",
"播放数组":"class=\"module-play-list&&</div>",
"分类":"电影$20#电视剧$21#综艺$22#动漫$23",
"分类url":"https://www.dmxq.me/vodshow/{cateId}--------{catePg}---.html"
}




//{\"免嗅\":\"1\",\"副标题\":\"class=\\\"module-item-note\\\">&&</div>\",\"线路数组\": \"class=\\\"module-tab-item tab-item&&</div>\",\"线路标题\": \"<span>&&</small>\",\"播放标题\":\"<span>&&</span>\",\"播放数组\":\"class=\\\"module-play-list&&</div>\",\"分类\":\"电影$20#电视剧$21#综艺$22#动漫$23\",\"分类url\":\"https://www.dmxq.me/vodshow/{cateId}--------{catePg}---.html\"}
