{
  "spider": "./lem0319.jar;md5;269B8C4AEB52FD0C4FE3DF79E3AA0450",
  "wallpaper": "https://gh.isteed.cc/https://raw.githubusercontent.com/n3rddd/N3RD/master/JN/N3RD/W/crimetv.png",
  "lives": [
    {
      "name": "*LIVE*",
      "type": 0,
      "url": "./lib/tvlive.txt",
      "playerType": 1,
      "ua": "okhttp/3.15",
      "epg": "http://epg.112114.xyz/?ch={name}&date={date}",
      "logo": "https://epg.112114.xyz/logo/{name}.png"
    },
    {
      "name": "HOTELLive",
      "type": 0,
      "url": "./lib/itvlist.txt",
      "ua": "okhttp/3.15",
      "epg": "http://epg.112114.xyz/?ch={name}&date={date}",
      "logo": "https://epg.112114.xyz/logo/{name}.png"
    },
    {
      "name": "雷蒙Live",
      "type": 0,
      "url": "./lib/tv.m3u",
      "ua": "okhttp/3.15",
      "epg": "http://epg.112114.xyz/?ch={name}&date={date}",
      "logo": "https://epg.112114.xyz/logo/{name}.png"
    },
    {
      "name": "央视频",
      "type": 0,
      "url": "./lib/parse.m3u",
      "ua": "okhttp/3.15",
      "epg": "http://epg.112114.xyz/?ch={name}&date={date}",
      "logo": "https://epg.112114.xyz/logo/{name}.png"
    },
    {
      "name": "YOUTUBE直播",
      "type": 0,
      "url": "./lib/YTTV.txt",
      "ua": "okhttp/3.15",
      "epg": "http://epg.112114.xyz/?ch={name}&date={date}",
      "logo": "https://epg.112114.xyz/logo/{name}.png"
    },
    {
      "name": "LEMLive",
      "type": 0,
      "url": "./lib/tv.txt",
      "ua": "okhttp/3.15",
      "epg": "http://epg.112114.xyz/?ch={name}&date={date}",
      "logo": "https://epg.112114.xyz/logo/{name}.png"
    },
    {
      "name": "FTYLive",
      "type": 0,
      "url": "./lib/tvlive.txt",
      "playerType": 1,
      "ua": "okhttp/3.15",
      "epg": "http://epg.112114.xyz/?ch={name}&date={date}",
      "logo": "https://epg.112114.xyz/logo/{name}.png"
    },
    {
      "name": "MVMLive",
      "type": 0,
      "url": "./lib/e.txt",
      "ua": "okhttp/3.15",
      "epg": "http://epg.112114.xyz/?ch={name}&date={date}",
      "logo": "https://epg.112114.xyz/logo/{name}.png"
    },
    {
      "name": "TWKJLive",
      "type": 0,
      "url": "./lib/tvlive.txt",
      "ua": "okhttp/3.15",
      "epg": "http://epg.112114.xyz/?ch={name}&date={date}",
      "logo": "https://epg.112114.xyz/logo/{name}.png"
    },
    {
      "name": "SLive",
      "type": 0,
      "url": "./lib/live.txt",
      "ua": "okhttp/3.15",
      "epg": "http://epg.112114.xyz/?ch={name}&date={date}",
      "logo": "https://epg.112114.xyz/logo/{name}.png"
    },
    {
      "name": "JVSSLive",
      "type": 0,
      "url": "https://mirror.ghproxy.com/https://raw.githubusercontent.com/joevess/IPTV/main/iptv.m3u8",
      "ua": "okhttp/3.15",
      "epg": "http://epg.112114.xyz/?ch={name}&date={date}",
      "logo": "https://epg.112114.xyz/logo/{name}.png"
    },
    {
      "name": "JVSSLive2",
      "type": 0,
      "url": "https://mirror.ghproxy.com/https://raw.githubusercontent.com/joevess/IPTV/main/home.m3u8",
      "ua": "okhttp/3.15",
      "epg": "http://epg.112114.xyz/?ch={name}&date={date}",
      "logo": "https://epg.112114.xyz/logo/{name}.png"
    },
    {
      "name": "YSLive",
      "type": 0,
      "url": "./lib/live.txt",
      "ua": "okhttp/3.15",
      "epg": "http://epg.112114.xyz/?ch={name}&date={date}",
      "logo": "https://epg.112114.xyz/logo/{name}.png"
    },
    {
      "name": "ATLive",
      "type": 0,
      "url": "./lib/全国直播源.m3u",
      "ua": "okhttp/3.15",
      "epg": "http://epg.112114.xyz/?ch={name}&date={date}",
      "logo": "https://epg.112114.xyz/logo/{name}.png"
    },
    {
      "name": "ATLive2",
      "type": 0,
      "url": "./lib/Gather.m3u",
      "ua": "okhttp/3.15",
      "epg": "http://epg.112114.xyz/?ch={name}&date={date}",
      "logo": "https://epg.112114.xyz/logo/{name}.png"
    },
    {
      "name": "OVLive",
      "type": 0,
      "url": "./lib/list.m3u",
      "ua": "okhttp/3.15",
      "epg": "http://epg.112114.xyz/?ch={name}&date={date}",
      "logo": "https://epg.112114.xyz/logo/{name}.png"
    },
    {
      "name": "BBGGLive",
      "type": 0,
      "url": "./lib/Gather.m3u",
      "ua": "okhttp/3.15",
      "epg": "http://epg.112114.xyz/?ch={name}&date={date}",
      "logo": "https://epg.112114.xyz/logo/{name}.png"
    },
    {
      "name": "DWCLive",
      "type": 0,
      "url": "./lib/TV.txt",
      "ua": "okhttp/3.15",
      "epg": "http://epg.112114.xyz/?ch={name}&date={date}",
      "logo": "https://epg.112114.xyz/logo/{name}.png"
    },
    {
      "name": "CMLive",
      "type": 0,
      "url": "./lib/live.txt",
      "ua": "okhttp/3.15",
      "epg": "http://epg.112114.xyz/?ch={name}&date={date}",
      "logo": "https://epg.112114.xyz/logo/{name}.png"
    },
    {
      "name": "YSCLive",
      "type": 0,
      "url": "./lib/ysclive.txt",
      "ua": "okhttp/3.15",
      "epg": "http://epg.112114.xyz/?ch={name}&date={date}",
      "logo": "https://epg.112114.xyz/logo/{name}.png"
    },
    {
      "name": "HCCXLive",
      "type": 0,
      "url": "http://rihou.vip:88/直播",
      "ua": "okhttp/3.15",
      "epg": "http://epg.112114.xyz/?ch={name}&date={date}",
      "logo": "https://epg.112114.xyz/logo/{name}.png"
    },
    {
      "name": "MHBLive",
      "type": 0,
      "url": "./lib/live.m3u",
      "ua": "okhttp/3.15",
      "epg": "http://epg.112114.xyz/?ch={name}&date={date}",
      "logo": "https://epg.112114.xyz/logo/{name}.png"
    },
    {
      "name": "YYDDLive",
      "type": 0,
      "url": "https://agit.ai/leevi/duo/raw/branch/master/v.txt",
      "ua": "okhttp/3.15",
      "epg": "http://epg.112114.xyz/?ch={name}&date={date}",
      "logo": "https://epg.112114.xyz/logo/{name}.png"
    },
    {
      "name": "DRPYLive",
      "type": 0,
      "url": "https://gh.isteed.cc/https://raw.githubusercontent.com/hjdhnx/dr_py/main/base/直播.txt",
      "ua": "okhttp/3.15",
      "epg": "http://epg.112114.xyz/?ch={name}&date={date}",
      "logo": "https://epg.112114.xyz/logo/{name}.png"
    },
    {
      "name": "CNSLive",
      "type": 0,
      "url": "https://tvbox.cainisi.cf/TV",
      "ua": "okhttp/3.15",
      "epg": "http://epg.112114.xyz/?ch={name}&date={date}",
      "logo": "https://epg.112114.xyz/logo/{name}.png"
    },
    {
      "name": "LSLive",
      "type": 0,
      "url": "./lib/live.txt",
      "ua": "okhttp/3.15",
      "epg": "http://epg.112114.xyz/?ch={name}&date={date}",
      "logo": "https://epg.112114.xyz/logo/{name}.png"
    },
    {
      "name": "阳泉广电",
      "type": 0,
      "url": "./lib/yqgd.m3u",
      "ua": "okhttp/3.15",
      "epg": "http://epg.112114.xyz/?ch={name}&date={date}",
      "logo": "https://epg.112114.xyz/logo/{name}.png"
    },
    {
      "name": "猫视频",
      "type": 0,
      "url": "./lib/msp.m3u",
      "ua": "okhttp/3.15",
      "epg": "http://epg.112114.xyz/?ch={name}&date={date}",
      "logo": "https://epg.112114.xyz/logo/{name}.png"
    },
    {
      "name": "4K8K",
      "type": 0,
      "url": "./lib/IPTV.m3u",
      "ua": "okhttp/3.15",
      "epg": "http://epg.112114.xyz/?ch={name}&date={date}",
      "logo": "https://epg.112114.xyz/logo/{name}.png"
    },
    {
      "name": "港台节目",
      "type": 0,
      "url": "./lib/stream-link.m3u",
      "ua": "okhttp/3.15",
      "epg": "https://epg.112114.xyz/?ch={name}&date={date}",
      "logo": "https://epg.112114.xyz/logo/{name}.png"
    },
    {
      "name": "APTV",
      "type": 0,
      "url": "./lib/iptv.m3u",
      "ua": "okhttp/3.15",
      "epg": "http://epg.112114.xyz/?ch={name}&date={date}",
      "logo": "https://epg.112114.xyz/logo/{name}.png"
    },
    {
      "name": "ChinaTV",
      "type": 0,
      "url": "./lib/chinatv.m3u",
      "ua": "okhttp/3.15",
      "epg": "http://epg.112114.xyz/?ch={name}&date={date}",
      "logo": "https://epg.112114.xyz/logo/{name}.png"
    },
    {
      "name": "搜集",
      "type": 0,
      "url": "./lib/Gather.m3u",
      "ua": "okhttp/3.15",
      "epg": "http://epg.112114.xyz/?ch={name}&date={date}",
      "logo": "https://epg.112114.xyz/logo/{name}.png"
    },
    {
      "name": "BiliBili直播",
      "type": 0,
      "url": "./lib/bililive.m3u",
      "ua": "okhttp/3.15",
      "epg": "http://epg.112114.xyz/?ch={name}&date={date}",
      "logo": "https://epg.112114.xyz/logo/{name}.png"
    },
    {
      "name": "YY轮播",
      "type": 0,
      "url": "https://live.freetv.top/yylunbo.m3u?url=https://lunbo.freetv.top",
      "ua": "okhttp/3.15",
      "epg": "http://epg.112114.xyz/?ch={name}&date={date}",
      "logo": "https://epg.112114.xyz/logo/{name}.png"
    },
    {
      "name": "斗鱼一起看",
      "type": 0,
      "url": "./lib/douyuyqk.m3u",
      "ua": "okhttp/3.15",
      "epg": "http://epg.112114.xyz/?ch={name}&date={date}",
      "logo": "https://epg.112114.xyz/logo/{name}.png"
    },
    {
      "name": "虎牙一起看",
      "type": 0,
      "url": "./lib/huyayqk.m3u",
      "ua": "okhttp/3.15",
      "epg": "http://epg.112114.xyz/?ch={name}&date={date}",
      "logo": "https://epg.112114.xyz/logo/{name}.png"
    },
    {
      "name": "ZHGIPTV",
      "type": 0,
      "url": "https://gh.isteed.cc/https://raw.githubusercontent.com/zhanghongguang/zhanghongguang.github.io/main/myiptv.m3u",
      "ua": "okhttp/3.15",
      "epg": "http://epg.112114.xyz/?ch={name}&date={date}",
      "logo": "https://epg.112114.xyz/logo/{name}.png"
    },
    {
      "name": "ZHGPlaylist",
      "type": 0,
      "url": "https://gh.isteed.cc/https://raw.githubusercontent.com/zhanghongguang/zhanghongguang.github.io/main/playlist.m3u",
      "ua": "okhttp/3.15",
      "epg": "http://epg.112114.xyz/?ch={name}&date={date}",
      "logo": "https://epg.112114.xyz/logo/{name}.png"
    },
    {
      "name": "电台",
      "type": 0,
      "url": "https://gh.isteed.cc/https://raw.githubusercontent.com/goolguy007/radioer/main/TVradio",
      "ua": "okhttp/3.15",
      "epg": "http://epg.112114.xyz/?ch={name}&date={date}",
      "logo": "https://epg.112114.xyz/logo/{name}.png"
    }
  ],
  "sites": [
    {
      "key": "csp_Notice",
      "name": "📢【Lem声明】公告",
      "type": 3,
      "api": "csp_Notice",
      "ext": "雷蒙影视独家资源，私享即可，请勿传播！"
    },
    {
      "key": "公告1",
      "name": "📢【Lem声明】勿传播本线路",
      "type": 3,
      "api": "csp_Bili",
      "searchable": 0,
      "quickSearch": 0,
      "filterable": 0,
      "ext": "./lib/ANNOUNCEMENT.json"
    },
    {
      "key": "csp_Market",
      "jar": "./lib/market.jar",
      "name": "雷蒙影视 | 🏪应用商店",
      "type": 3,
      "api": "csp_Market",
      "searchable": 0,
      "changeable": 0,
      "ext": "./lib/market.json"
    },
    {
      "key": "csp_PushShare",
      "jar": "./lib/pg.jar",
      "name": "雷蒙影视 | 💿雷蒙网盘影集",
      "type": 3,
      "api": "csp_PushShare",
      "searchable": 1,
      "quickSearch": 1,
      "changeable": 1,
      "filterable": 0,
      "timeout": 60,
      "ext": "./N3RD/T/pg.txt$$$./N3RD/T/lemshare.txt$$$db$$$1",
      "style": {
        "type": "list",
        "ratio": 1.1
      }
    },
    {
      "key": "drjs_直播",
      "name": "雷蒙影视 | 🖥电视直播(DRJS)",
      "type": 3,
      "api": "./lib/直播转点播.js",
      "changeable": 0,
      "ext": "./EXT/JS/直播.js&&&./N3RD/W/POSTER1.png"
    },
    {
      "key": "csp_Live2Vod",
      "name": "雷蒙影视 | 🖥电视直播(SP)",
      "type": 3,
      "api": "csp_Live2Vod",
      "changeable": 0,
      "ext": "./lib/直播.js"
    },
    {
      "key": "csp_CCTV_ZAL",
      "name": "雷蒙影视 | ©央视(SP)",
      "type": 3,
      "api": "csp_CCTV",
      "searchable": 1,
      "filterable": 0,
      "changeable": 0,
      "ext": "./lib/cctv.json"
    },
    {
      "key": "csp_FirstAid",
      "name": "雷蒙影视 | 🚑急救教学(SP)",
      "type": 3,
      "api": "csp_FirstAid",
      "searchable": 0,
      "quickSearch": 0,
      "changeable": 0,
      "style": {
        "type": "rect",
        "ratio": 3.8
      }
    },
    {
      "key": "YOUTUBE直播",
      "name": "雷蒙影视 | ▶YOUTUBE直播【翻墙观看】▶",
      "type": 3,
      "playerType": 2,
      "api": "./lib/lf_live8_min.js",
      "ext": "./lib/YT.txt"
    },
    {
      "key": "csp_Douban",
      "name": "雷蒙影视 | 📡我的豆瓣(SP)",
      "type": 3,
      "api": "csp_Douban",
      "searchable": 0,
      "ext": "./lib/douban.json"
    },
    {
      "key": "csp_DouDou",
      "name": "雷蒙影视 | 📡豆瓣片单(SP)",
      "type": 3,
      "api": "csp_DouDou",
      "searchable": 0
    },
    {
      "key": "drjs_豆瓣推荐",
      "name": "雷蒙影视 | 📡豆瓣推荐(DRPY)",
      "type": 3,
      "api": "./lib/drpy.min.js",
      "searchable": 2,
      "quickSearch": 0,
      "filterable": 0,
      "ext": "./lib/drpy.js"
    },
    {
      "key": "csp_YGP",
      "name": "雷蒙影视 | 🎞预告片(SP)",
      "type": 3,
      "api": "csp_YGP",
      "searchable": 0,
      "quickSearch": 0,
      "changeable": 0
    },
    {
      "key": "drjs_荐片",
      "name": "雷蒙影视 | 🏆荐片(DRPY)",
      "type": 3,
      "api": "./lib/drpy.min.js",
      "ext": "./lib/荐片.js"
    },
    {
      "key": "csp_JianPian_XYQ",
      "name": "雷蒙影视 | 🏆荐片(SP)",
      "type": 3,
      "api": "csp_JianPian",
      "searchable": 1,
      "quickSearch": 1,
      "filterable": 1,
      "ext": "https://ownjpykxttjzuhy.jiesiwa.com"
    },
    {
      "key": "csp_RinHome_ZAL",
      "name": "雷蒙影视 | 🏆荐片(备用)",
      "type": 3,
      "api": "csp_RinHome",
      "searchable": 1,
      "quickSearch": 1,
      "filterable": 1
    },
    {
      "key": "csp_Ikanbot_XYQ",
      "name": "雷蒙影视 | 👹爱看机器人(SP)",
      "type": 3,
      "api": "csp_Ikanbot",
      "searchable": 1,
      "quickSearch": 1,
      "filterable": 1
    },
    {
      "key": "drjs_爱看机器人2",
      "name": "雷蒙影视 | 👹爱看机器人2(DRPY)",
      "type": 3,
      "api": "./lib/drpy.min.js",
      "ext": "./lib/ikanbot2.js"
    },
    {
      "key": "drjs_爱看机器人3",
      "name": "雷蒙影视 | 👹爱看机器人3(DRPY)",
      "type": 3,
      "api": "./lib/drpy.min.js",
      "ext": "./lib/ikanbot3.js"
    },
    {
      "key": "vod_暴风资源",
      "name": "雷蒙影视 | 🚀暴风资源",
      "type": 1,
      "api": "https://app.bfzyapi.com/api.php/provide/vod/",
      "playUrl": "",
      "categories": [
        "国产剧",
        "国产动漫",
        "动作片",
        "科幻片",
        "剧情片",
        "喜剧片",
        "爱情片",
        "恐怖片",
        "战争片",
        "香港剧",
        "台湾剧",
        "日本剧",
        "欧美剧",
        "泰国剧",
        "日本动漫",
        "综艺频道",
        "大陆综艺",
        "港台综艺",
        "日本综艺",
        "新马泰综艺",
        "纪录片"
      ]
    },
    {
      "key": "vod_量子资源",
      "name": "雷蒙影视 | 🚀量子资源",
      "type": 1,
      "api": "http://cj.lziapi.com/api.php/provide/vod/",
      "playurl": "json:http://jx.84jia.com/m3u8ts.php?url=",
      "searchable": 1,
      "quickSearch": 1,
      "m3u8ads": "hd.youyhn.com||vip.lz"
    },
    {
      "key": "vod_非凡资源",
      "name": "雷蒙影视 | 🚀非凡资源",
      "type": 1,
      "api": "http://cj.ffzyapi.com/api.php/provide/vod/",
      "playurl": "json:http://jx.84jia.com/m3u8ts.php?url=",
      "searchable": 1,
      "quickSearch": 1,
      "filterable": 1,
      "playerType": 2,
      "categories": [
        "动作片",
        "喜剧片",
        "科幻片",
        "恐怖片",
        "爱情片",
        "剧情片",
        "战争片",
        "记录片",
        "国产剧",
        "欧美剧",
        "香港剧",
        "韩国剧",
        "台湾剧",
        "日本剧",
        "海外剧",
        "泰国剧",
        "国产动漫",
        "日韩动漫",
        "欧美动漫",
        "港台动漫",
        "海外动漫",
        "大陆综艺",
        "港台综艺",
        "日韩综艺",
        "欧美综艺"
      ]
    },
    {
      "key": "vod_光速资源",
      "name": "雷蒙影视 | 🚀光速资源",
      "type": 1,
      "api": "https://api.guangsuapi.com/api.php/provide/vod/from/gsm3u8/?ac=list",
      "searchable": 1,
      "quickSearch": 1,
      "filterable": 1,
      "categories": [
        "动作片",
        "爱情片",
        "科幻片",
        "战争片",
        "剧情片",
        "恐怖片",
        "喜剧片",
        "大陆剧",
        "港澳剧",
        "台湾剧",
        "欧美剧",
        "动漫电影",
        "韩剧",
        "日剧",
        "泰剧"
      ]
    },
    {
      "key": "csp_Bili",
      "name": "雷蒙影视 | 🅱哔哩哔哩(SP)",
      "type": 3,
      "api": "csp_Bili",
      "searchable": 0,
      "quickSearch": 0,
      "filterable": 0,
      "ext": "./lib/Bili1.json"
    },
    {
      "key": "drjs_我的哔哩",
      "name": "雷蒙影视 | 🅱我的哔哩(DRPY)",
      "type": 3,
      "api": "./lib/drpy2.min.js",
      "ext": "./lib/我的哔哩.js"
    },
    {
      "key": "csp_Kunyu77",
      "name": "雷蒙影视 | 🎬酷云77(SP)",
      "type": 3,
      "api": "csp_Kunyu77",
      "searchable": 1,
      "quickSearch": 1,
      "filterable": 1
    },
    {
      "key": "csp_Kuaikan_XYQ",
      "name": "雷蒙影视 | 👀快看(SP)",
      "type": 3,
      "api": "csp_Kuaikan",
      "searchable": 1,
      "quickSearch": 1,
      "filterable": 1
    },
    {
      "key": "csp_NanGua",
      "name": "雷蒙影视 | 🎃南瓜影视(SP)",
      "type": 3,
      "api": "csp_NanGua",
      "searchable": 1,
      "quickSearch": 1,
      "filterable": 1,
      "ext": ""
    },
    {
      "key": "csp_Kkys",
      "name": "雷蒙影视 | 💡酷看影视(SP)",
      "type": 3,
      "api": "csp_Kkys",
      "searchable": 1,
      "quickSearch": 1,
      "changeable": 1
    },
    {
      "key": "csp_LiteApple",
      "name": "雷蒙影视 | 🍎小苹果(SP)",
      "type": 3,
      "api": "csp_LiteApple",
      "searchable": 1,
      "quickSearch": 1,
      "changeable": 1
    },
    {
      "key": "csp_YQKan ",
      "name": "雷蒙影视 | 📺一起看(SP)",
      "type": 3,
      "api": "csp_YQKan",
      "searchable": 1,
      "quickSearch": 1,
      "changeable": 1
    },
    {
      "key": "csp_BaiPiao",
      "name": "雷蒙影视 | 👻白嫖影视(SP)",
      "type": 3,
      "api": "csp_BaiPiao",
      "playerType": 2,
      "searchable": 1,
      "quickSearch": 1,
      "changeable": 1
    },
    {
      "key": "csp_WoGG",
      "name": "雷蒙影视 | 👽玩偶哥哥(SP)",
      "type": 3,
      "api": "csp_WoGG",
      "searchable": 1,
      "quickSearch": 1,
      "changeable": 0,
      "ext": "./N3RD/T/t.txt+4k|auto|fhd$$$https://api.wogg.xyz/$$$弹"
    },
    {
      "key": "csp_YCyz",
      "name": "雷蒙影视 | ☀原创(SP)",
      "type": 3,
      "api": "csp_YCyz",
      "timeout": 15,
      "searchable": 1,
      "quickSearch": 1,
      "changeable": 1
    },
    {
      "key": "csp_AppTT_萌米",
      "name": "雷蒙影视 | 👀萌米(APP)",
      "type": 3,
      "api": "csp_AppTT",
      "timeout": 15,
      "playerType": 1,
      "ext": "AO7TcBkd8Iifux0Y8Qze6tVlMg=="
    },
    {
      "key": "csp_Bdys_XYQ",
      "name": "雷蒙影视 | 📯哔嘀影视(SP)",
      "type": 3,
      "api": "csp_Bdys",
      "searchable": 1,
      "quickSearch": 1,
      "filterable": 1
    },
    {
      "key": "csp_Czsapp",
      "name": "雷蒙影视 | 👴厂长资源(SP)",
      "type": 3,
      "api": "csp_Czsapp",
      "searchable": 1,
      "quickSearch": 1,
      "filterable": 1,
      "ext": "https://www.czzy77.com/"
    },
    {
      "key": "csp_Maolv",
      "name": "雷蒙影视 | 🐴毛驴(SP)",
      "type": 3,
      "api": "csp_MLYS",
      "searchable": 1,
      "quickSearch": 1,
      "filterable": 1,
      "changeable": 1,
      "ext": "https://www.maolvys.com/"
    },
    {
      "key": "csp_Libvio",
      "name": "雷蒙影视 | 🎉Libvio(SP)",
      "type": 3,
      "api": "csp_Libvio",
      "searchable": 1,
      "quickSearch": 1,
      "filterable": 1,
      "ext": "https://www.libvio.pw/"
    },
    {
      "key": "csp_Ddrk",
      "name": "雷蒙影视 | 🤿低端影视(SP)",
      "type": 3,
      "api": "csp_Ddrk",
      "searchable": 1,
      "quickSearch": 1,
      "filterable": 1,
      "playerType": 2
    },
    {
      "key": "csp_Zxzj",
      "name": "雷蒙影视 | 📹在线之家(SP)",
      "type": 3,
      "api": "csp_Zxzj",
      "searchable": 1,
      "quickSearch": 1,
      "filterable": 1,
      "ext": "https://www.zxzja.com/"
    },
    {
      "key": "csp_NongMing",
      "name": "雷蒙影视 | 👨‍🌾农民影视(SP)",
      "type": 3,
      "api": "csp_NongMing",
      "searchable": 1,
      "quickSearch": 1,
      "filterable": 1
    },
    {
      "key": "csp_Nmys",
      "name": "雷蒙影视 | 👨‍🌾农民影视(XPSP)",
      "type": 3,
      "api": "csp_Nmys",
      "searchable": 1,
      "quickSearch": 1,
      "filterable": 1,
      "ext": "./lib/Nmys.json"
    },
    {
      "key": "csp_Auete",
      "name": "雷蒙影视 | 🎀Auete(SP)",
      "type": 3,
      "api": "csp_Auete",
      "searchable": 1,
      "quickSearch": 1,
      "filterable": 1,
      "ext": "https://auete.pro/"
    },
    {
      "key": "csp_Voflix",
      "name": "雷蒙影视 | 🌀Voflix(SP)",
      "type": "3",
      "api": "csp_Voflix",
      "searchable": 1,
      "quickSearch": 1,
      "filterable": 1,
      "ext": "https://www.voflix.me/"
    },
    {
      "key": "csp_Bttwoo",
      "name": "雷蒙影视 | ✌两个BT(SP)",
      "type": 3,
      "api": "csp_Bttwoo",
      "searchable": 1,
      "quickSearch": 1,
      "filterable": 1
    },
    {
      "key": "csp_Xinsj",
      "name": "雷蒙影视 | 🗻新视觉影院(SP)",
      "type": 3,
      "api": "csp_Xinsj",
      "searchable": 1,
      "quickSearch": 1,
      "filterable": 1,
      "ext": "https://www.80yy3.com/"
    },
    {
      "key": "csp_AppYsV2_咕噜",
      "name": "雷蒙影视 | 🖤咕噜(APP)",
      "type": 3,
      "api": "csp_AppYsV2",
      "searchable": 1,
      "quickSearch": 1,
      "filterable": 1,
      "ext": "https://w.996w.top/api.php/app/"
    },
    {
      "key": "csp_App_短剧_ZAL",
      "name": "雷蒙影视 | ️🖤短剧(APP)",
      "type": 3,
      "api": "csp_App",
      "searchable": 1,
      "quickSearch": 1,
      "filterable": 1,
      "playerType": 2,
      "ext": "https://zzdj.cc/api.php/provide/vod"
    },
    {
      "key": "csp_SP33",
      "name": "雷蒙影视 | 3️⃣360(SP)",
      "type": 3,
      "api": "csp_SP33",
      "searchable": 1,
      "quickSearch": 1,
      "filterable": 1,
      "ext": ""
    },
    {
      "key": "csp_SP360",
      "name": "雷蒙影视 | 3️⃣360(备用)",
      "type": 3,
      "api": "csp_SP360",
      "searchable": 1,
      "quickSearch": 1,
      "filterable": 1
    },
    {
      "key": "csp_Yj1211",
      "name": "雷蒙影视 | 🎙JustLive直播(SP)",
      "type": 3,
      "api": "csp_Yj1211",
      "searchable": 0,
      "quickSearch": 0,
      "filterable": 1
    },
    {
      "key": "csp_Tangrenjie",
      "name": "雷蒙影视 | 🍜唐人街(需翻墙)",
      "type": 3,
      "api": "csp_Tangrenjie",
      "searchable": 1,
      "quickSearch": 1,
      "filterable": 1,
      "ext": ""
    },
    {
      "key": "csp_NiNi",
      "name": "雷蒙影视 | 🏝泥巴影院(需翻墙)",
      "type": 3,
      "api": "csp_NiNi",
      "searchable": 1,
      "quickSearch": 1,
      "filterable": 1
    },
    {
      "key": "csp_Star",
      "name": "雷蒙影视 | ⭐星星(需翻墙)",
      "type": 3,
      "api": "csp_Star",
      "searchable": 1,
      "quickSearch": 1,
      "filterable": 1,
      "changeable": 1
    },
    {
      "key": "csp_Anime1",
      "name": "雷蒙影视 | 🤖Anime1动画线上看(SP)",
      "api": "csp_Anime1",
      "type": 3,
      "filterable": 1,
      "quickSearch": 1,
      "searchable": 1
    },
    {
      "key": "csp_Acg",
      "name": "雷蒙影视 | 🤖Acg动漫(SP)",
      "type": 3,
      "api": "csp_Acg",
      "searchable": 1,
      "quickSearch": 1,
      "filterable": 1
    },
    {
      "key": "csp_Dm84",
      "name": "雷蒙影视 | 🤖动漫巴士(SP)",
      "type": 3,
      "api": "csp_Dm84",
      "playerType": 2,
      "searchable": 1,
      "quickSearch": 1,
      "filterable": 1
    },
    {
      "key": "csp_Ying",
      "name": "雷蒙影视 | 🤖樱花动漫(SP)",
      "type": 3,
      "api": "csp_Ying",
      "searchable": 1,
      "quickSearch": 1,
      "filterable": 1
    },
    {
      "key": "csp_Ysj",
      "name": "雷蒙影视 | 🤖异界动漫(SP)",
      "type": 3,
      "api": "csp_Ysj",
      "searchable": 1,
      "quickSearch": 1,
      "filterable": 1
    },
    {
      "key": "csp_Kanqiu",
      "name": "雷蒙影视 | ⚽看球(SP)",
      "type": 3,
      "api": "csp_Kanqiu",
      "searchable": 1,
      "changeable": 0,
      "style": {
        "type": "list"
      }
    },
    {
      "key": "csp_Duanju",
      "name": "雷蒙影视 | 🌭短剧(SP)",
      "type": 3,
      "api": "csp_Duanju",
      "searchable": 1,
      "changeable": 0,
      "style": {
        "type": "rect",
        "ratio": 1.433
      }
    },
    {
      "key": "csp_Kugou",
      "name": "雷蒙影视 | 🎵酷狗音乐(SP)",
      "type": 3,
      "api": "csp_Kugou",
      "searchable": 1,
      "quickSearch": 0,
      "filterable": 1
    },
    {
      "key": "csp_IQIYI_ZAL",
      "name": "雷蒙影视 | 🥝爱奇艺(SP)",
      "type": 3,
      "api": "csp_IQIYI",
      "searchable": 1,
      "quickSearch": 1,
      "filterable": 1
    },
    {
      "key": "csp_MGTV_ZAL",
      "name": "雷蒙影视 | 🥭芒果TV(SP)",
      "type": 3,
      "api": "csp_MGTV",
      "searchable": 1,
      "quickSearch": 1,
      "filterable": 1
    },
    {
      "key": "csp_QQ_ZAL",
      "name": "雷蒙影视 | 🐧腾讯视频(SP)",
      "type": 3,
      "api": "csp_QQ",
      "searchable": 1,
      "quickSearch": 1,
      "filterable": 1
    },
    {
      "key": "csp_YOUKU_ZAL",
      "name": "雷蒙影视 | 🔻优酷(SP)",
      "type": 3,
      "api": "csp_YOUKU",
      "searchable": 1,
      "quickSearch": 1,
      "filterable": 1
    },
    {
      "key": "csp_Bdys01_QJ",
      "name": "雷蒙影视 | 📯哔嘀影视(备用)",
      "type": 3,
      "api": "csp_Bdys01",
      "searchable": 1,
      "quickSearch": 1,
      "filterable": 1
    },
    {
      "key": "csp_Lib_QJ",
      "name": "雷蒙影视 | 🎉Libvio(备用)",
      "type": 3,
      "api": "csp_Lib",
      "searchable": 1,
      "quickSearch": 1,
      "filterable": 1,
      "ext": "./lib/playerconfig.js"
    },
    {
      "key": "csp_NanGuaQJ",
      "name": "雷蒙影视 | 🎃南瓜影视(备用)",
      "type": 3,
      "api": "csp_NanGuaQJ",
      "searchable": 1,
      "quickSearch": 1,
      "filterable": 1,
      "ext": ""
    },
    {
      "key": "csp_TTian_天天_QJ",
      "name": "雷蒙影视 | ✈天天(SP)",
      "type": 3,
      "api": "csp_TTian",
      "playerType": 1,
      "searchable": 1,
      "quickSearch": 1,
      "filterable": 1,
      "ext": "http://op.ysdqjs.cn"
    },
    {
      "key": "csp_TTian_热播_QJ",
      "name": "雷蒙影视 | ✈热播(SP)",
      "type": 3,
      "api": "csp_TTian",
      "playerType": 2,
      "searchable": 1,
      "quickSearch": 1,
      "filterable": 1,
      "ext": "http://v.rbotv.cn"
    },
    {
      "key": "csp_TTian_追剧_QJ",
      "name": "雷蒙影视 | ✈追剧(SP)",
      "type": 3,
      "api": "csp_TTian",
      "playerType": 2,
      "searchable": 1,
      "quickSearch": 1,
      "filterable": 1,
      "ext": "http://app.kzjtv.com"
    },
    {
      "key": "csp_Fdys_QJ",
      "name": "雷蒙影视 | ⚡发电(SP)",
      "type": 3,
      "api": "csp_Fdys",
      "playerType": 2,
      "searchable": 1,
      "quickSearch": 1,
      "filterable": 1
    },
    {
      "key": "csp_Nmvod_QJ",
      "name": "雷蒙影视 | 🍋柠檬(SP)",
      "type": 3,
      "api": "csp_Nmvod",
      "playerType": 2,
      "ext": "https://api.cnmcom.com/webcloud/nmsvip.php?url="
    },
    {
      "key": "vod_AI1",
      "name": "雷蒙影视 | ️🚀AI1",
      "type": 1,
      "api": "http://124.222.116.5/macos/seven/api.php/provide/vod/",
      "playerType": 2,
      "searchable": 1,
      "quickSearch": 1
    },
    {
      "key": "vod_AI2",
      "name": "雷蒙影视 | ️🚀AI2",
      "type": 1,
      "api": "http://124.222.116.5/mb/api.php/provide/vod/?ac=videolist",
      "playerType": 2,
      "searchable": 1,
      "quickSearch": 1
    },
    {
      "key": "vod_AI3",
      "name": "雷蒙影视 | ️🚀AI3",
      "type": 1,
      "api": "http://124.222.30.115/mb/api.php/provide/vod/?ac=videolist",
      "playerType": 2,
      "searchable": 1,
      "quickSearch": 1
    },
    {
      "key": "csp_KanKan_QJ",
      "name": "雷蒙影视 | 👁看看视频(SP)",
      "type": 3,
      "api": "csp_KanKan",
      "searchable": 1,
      "quickSearch": 1,
      "filterable": 1
    },
    {
      "key": "csp_ShiLiuDY_QJ",
      "name": "雷蒙影视 | 🍇石榴电影(SP)",
      "api": "csp_ShiLiuDY",
      "type": 3,
      "filterable": 1,
      "quickSearch": 1,
      "playerType": 2,
      "searchable": 1,
      "ext": ""
    },
    {
      "key": "csp_Mayiys_QJ",
      "name": "雷蒙影视 | 🐜蚂蚁影视(SP)",
      "type": 3,
      "api": "csp_Mayiys",
      "searchable": 1,
      "quickSearch": 1,
      "filterable": 1,
      "ext": "./lib/mayi.txt"
    },
    {
      "key": "csp_Dygang_QJ",
      "name": "雷蒙影视 | 🚢电影港(SP)",
      "type": 3,
      "api": "csp_Dygang",
      "searchable": 1,
      "quickSearch": 1,
      "filterable": 1
    },
    {
      "key": "csp_Ayy",
      "name": "雷蒙影视 | ❤爱看(SP)",
      "type": 3,
      "api": "csp_Ayy",
      "searchable": 1,
      "quickSearch": 1,
      "filterable": 1
    },
    {
      "key": "csp_Czzy",
      "name": "雷蒙影视 | 👴厂长(SP)",
      "type": 3,
      "api": "csp_Czzy",
      "searchable": 1,
      "quickSearch": 1,
      "filterable": 1
    },
    {
      "key": "csp_Freeok",
      "name": "雷蒙影视 | 🆗OK(SP)",
      "type": 3,
      "api": "csp_Freeok",
      "searchable": 1,
      "quickSearch": 1,
      "filterable": 1
    },
    {
      "key": "csp_Hdr4k",
      "name": "雷蒙影视 | 🔗HDR4K(SP)",
      "type": 3,
      "api": "csp_Hdr4k",
      "searchable": 1,
      "quickSearch": 1,
      "filterable": 1
    },
    {
      "key": "csp_Nkdyw",
      "name": "雷蒙影视 | 👓耐看(SP)",
      "type": 3,
      "api": "csp_Nkdyw",
      "searchable": 1,
      "quickSearch": 1,
      "filterable": 1
    },
    {
      "key": "csp_Oftens",
      "name": "雷蒙影视 | 🎠往往(SP)",
      "type": 3,
      "api": "csp_Oftens",
      "searchable": 1,
      "quickSearch": 1,
      "filterable": 1
    },
    {
      "key": "csp_Saohuo",
      "name": "雷蒙影视 | 🔥骚火(SP)",
      "type": 3,
      "api": "csp_Saohuo",
      "searchable": 1,
      "quickSearch": 1,
      "filterable": 1
    },
    {
      "key": "csp_Tvyb",
      "name": "雷蒙影视 | 🛫云播(SP)",
      "type": 3,
      "api": "csp_Tvyb",
      "searchable": 1,
      "quickSearch": 1,
      "filterable": 1
    },
    {
      "key": "csp_Hdmoli",
      "name": "雷蒙影视 | 🌼HDMOLI(SP)",
      "type": 3,
      "api": "csp_Hdmoli",
      "searchable": 1,
      "quickSearch": 1,
      "filterable": 1
    },
    {
      "key": "csp_CandyMuj_freeok",
      "name": "雷蒙影视 | 🆗FreeOK(SP)",
      "type": 3,
      "api": "csp_CandyMuj_freeok",
      "searchable": 1,
      "quickSearch": 1,
      "filterable": 1
    },
    {
      "key": "csp_CandyMuj_hjtv",
      "name": "雷蒙影视 | 🍺韩剧TV(SP)",
      "type": 3,
      "api": "csp_CandyMuj_hjtv",
      "searchable": 1,
      "quickSearch": 1,
      "filterable": 1
    },
    {
      "key": "csp_CandyMuj_dmxq",
      "name": "雷蒙影视 | 🚅极速影视(SP)",
      "type": 3,
      "api": "csp_CandyMuj_dmxq",
      "searchable": 1,
      "quickSearch": 1,
      "filterable": 1
    },
    {
      "key": "csp_CandyMuj_haokongbu",
      "name": "雷蒙影视 | 🧛‍♂️好恐怖(SP)",
      "type": 3,
      "api": "csp_CandyMuj_haokongbu",
      "searchable": 1,
      "quickSearch": 1,
      "filterable": 1
    },
    {
      "key": "csp_CandyMuj_taoju",
      "name": "雷蒙影视 | 🌊淘剧影院(SP)",
      "type": 3,
      "api": "csp_CandyMuj_taoju",
      "searchable": 1,
      "quickSearch": 1,
      "filterable": 1
    },
    {
      "key": "csp_CandyMuj_lm5",
      "name": "雷蒙影视 | 🌃星辰影院(SP)",
      "type": 3,
      "api": "csp_CandyMuj_lm5",
      "searchable": 1,
      "quickSearch": 1,
      "filterable": 1
    },
    {
      "key": "csp_CandyMuj_cokemv",
      "name": "雷蒙影视 | 🥤Cokemv(SP)",
      "type": 3,
      "api": "csp_CandyMuj_cokemv",
      "searchable": 1,
      "quickSearch": 1,
      "filterable": 1
    },
    {
      "key": "csp_CandyMuj_qiqiyy",
      "name": "雷蒙影视 | 👩琪琪影院(SP)",
      "type": 3,
      "api": "csp_CandyMuj_qiqiyy",
      "searchable": 1,
      "quickSearch": 1,
      "filterable": 1
    },
    {
      "key": "csp_CandyMuj_nkvod",
      "name": "雷蒙影视 | 🔱耐看点播(SP)",
      "type": 3,
      "api": "csp_CandyMuj_nkvod",
      "searchable": 1,
      "quickSearch": 1,
      "filterable": 1
    },
    {
      "key": "csp_CandyMuj_yzzy",
      "name": "雷蒙影视 | 💯优质资源(SP)",
      "type": 3,
      "api": "csp_CandyMuj_yzzy",
      "searchable": 1,
      "quickSearch": 1,
      "filterable": 1
    },
    {
      "key": "csp_CandyMuj_yinfans",
      "name": "雷蒙影视 | 🧲音范丝(SP)",
      "type": 3,
      "api": "csp_CandyMuj_yinfans",
      "searchable": 1,
      "quickSearch": 1,
      "filterable": 1
    },
    {
      "key": "csp_Hdhive_ZAL",
      "name": "雷蒙影视 | 😺影巢(阿里APP扫码)",
      "type": 3,
      "api": "csp_Hdhive",
      "searchable": 1,
      "quickSearch": 1,
      "filterable": 1,
      "ext": "./lib/t.txt"
    },
    {
      "key": "csp_Paper_ZAL",
      "name": "雷蒙影视 | 😺小纸条(阿里APP扫码)",
      "type": 3,
      "api": "csp_Paper",
      "searchable": 1,
      "quickSearch": 1,
      "filterable": 1,
      "ext": "./lib/t.txt"
    },
    {
      "key": "csp_XiaoZhiTiao",
      "name": "雷蒙影视 | 😺小纸条(备用)",
      "type": 3,
      "api": "csp_XiaoZhiTiao",
      "searchable": 1,
      "quickSearch": 1,
      "filterable": 1,
      "ext": "./lib/t.txt"
    },
    {
      "key": "csp_PanSou",
      "name": "雷蒙影视 | 🐱盘搜(阿里APP扫码)",
      "type": 3,
      "api": "csp_PanSou",
      "searchable": 1,
      "quickSearch": 1,
      "filterable": 1,
      "changeable": 0,
      "ext": "./lib/t.txt"
    },
    {
      "key": "csp_Zhaozy",
      "name": "雷蒙影视 | 😺找资源(阿里APP扫码)",
      "type": 3,
      "api": "csp_Zhaozy",
      "searchable": 1,
      "quickSearch": 1,
      "filterable": 1,
      "changeable": 0,
      "ext": "./N3RD/T/t.txt$$$zhaoziyuan777$$$qqq111"
    },
    {
      "key": "csp_UpYun",
      "name": "雷蒙影视 | 😺云搜(阿里APP扫码)",
      "type": 3,
      "api": "csp_UpYun",
      "searchable": 1,
      "quickSearch": 1,
      "filterable": 1,
      "changeable": 0,
      "ext": "./lib/t.txt"
    },
    {
      "key": "csp_Dovx",
      "name": "雷蒙影视 | 😺七夜(阿里APP扫码)",
      "type": 3,
      "api": "csp_Dovx",
      "searchable": 1,
      "filterable": 0,
      "changeable": 0
    },
    {
      "key": "csp_PanSearch",
      "name": "雷蒙影视 | 😺PanSearch(阿里APP扫码)",
      "type": 3,
      "api": "csp_PanSearch",
      "searchable": 1,
      "filterable": 0,
      "changeable": 0,
      "ext": "./lib/t.txt"
    },
    {
      "key": "csp_YiSo",
      "name": "雷蒙影视 | 😺易搜(阿里APP扫码)",
      "type": 3,
      "api": "csp_YiSo",
      "searchable": 1,
      "quickSearch": 1,
      "filterable": 1,
      "changeable": 0,
      "ext": "./lib/t.txt"
    },
    {
      "key": "csp_AList",
      "name": "雷蒙影视 | 📜AList",
      "type": 3,
      "api": "csp_AList",
      "searchable": 1,
      "ext": "./lib/a.json"
    },
    {
      "key": "push_agent",
      "name": "雷蒙影视 | ⬆推送",
      "type": 3,
      "api": "csp_Push",
      "searchable": 0,
      "quickSearch": 0,
      "filterable": 0,
      "ext": "http://127.0.0.1:9978/file/ctv/pg.txt",
      "jar": "./lib/pg.jar"
    },
    {
      "jar": "./lib/wex.jar",
      "key": "csp_Wexconfig_MULTIJAR",
      "name": "雷蒙影视 | 🐮配置中心",
      "type": 3,
      "api": "csp_Wexconfig",
      "searchable": 0,
      "changeable": 0,
      "style": {
        "type": "rect",
        "ratio": 1.43
      }
    },
    {
      "jar": "./lib/wex.jar",
      "key": "csp_Wogg_MULTIJAR",
      "name": "雷蒙影视 | 🐮玩偶哥哥(MULTI)",
      "type": 3,
      "api": "csp_Wogg",
      "searchable": 1,
      "changeable": 1
    },
    {
      "jar": "./lib/wex.jar",
      "key": "csp_Wexyingchao_MULTIJAR",
      "name": "雷蒙影视 | 🐮影巢(MULTI)",
      "type": 3,
      "api": "csp_Wexyingchao",
      "searchable": 1,
      "changeable": 1
    },
    {
      "jar": "./lib/wex.jar",
      "key": "csp_WexJianpian_MULTIJAR",
      "name": "雷蒙影视 | 🐮荐片(MULTI)",
      "type": 3,
      "api": "csp_WexJianpian",
      "searchable": 1,
      "changeable": 1
    },
    {
      "jar": "./lib/wex.jar",
      "key": "csp_Wexxiongdiys_MULTIJAR",
      "name": "雷蒙影视 | 🐮兄弟(MULTI)",
      "type": 3,
      "api": "csp_Wexxiongdiys",
      "searchable": 1,
      "changeable": 1
    },
    {
      "jar": "./lib/wex.jar",
      "key": "csp_Wexdiguatv_MULTIJAR",
      "name": "雷蒙影视 | 🐮地瓜(MULTI)",
      "type": 3,
      "api": "csp_Wexdiguatv",
      "searchable": 1,
      "changeable": 1
    },
    {
      "jar": "./lib/wex.jar",
      "key": "csp_Wexkukantv_MULTIJAR",
      "name": "雷蒙影视 | 🐮酷看(MULTI)",
      "type": 3,
      "api": "csp_Wexkukantv",
      "searchable": 1,
      "changeable": 1
    },
    {
      "jar": "./lib/wex.jar",
      "key": "csp_WexNgys_MULTIJAR",
      "name": "雷蒙影视 | 🐮南瓜(MULTI)",
      "type": 3,
      "api": "csp_WexNgys",
      "searchable": 1,
      "changeable": 1
    },
    {
      "jar": "./lib/wex.jar",
      "key": "csp_Wexxpgtv_MULTIJAR",
      "name": "雷蒙影视 | 🐮苹果(MULTI)",
      "type": 3,
      "api": "csp_Wexxpgtv",
      "searchable": 1,
      "changeable": 1
    },
    {
      "jar": "./lib/wex.jar",
      "key": "csp_WexTiantianys_MULTIJAR",
      "name": "雷蒙影视 | 🐮天天(MULTI)",
      "type": 3,
      "api": "csp_WexTiantianys",
      "searchable": 1,
      "changeable": 1
    },
    {
      "jar": "./lib/wex.jar",
      "key": "csp_WexMingriys_MULTIJAR",
      "name": "雷蒙影视 | 🐮明日(MULTI)",
      "type": 3,
      "api": "csp_WexMingriys",
      "searchable": 1,
      "changeable": 1
    },
    {
      "jar": "./lib/wex.jar",
      "key": "csp_WexFujutv_MULTIJAR",
      "name": "雷蒙影视 | 🐮腐剧(MULTI)",
      "type": 3,
      "api": "csp_WexFujutv",
      "searchable": 1,
      "changeable": 1
    },
    {
      "jar": "./lib/wex.jar",
      "key": "csp_WexKanmeiju_MULTIJAR",
      "name": "雷蒙影视 | 🐮美剧(MULTI)",
      "type": 3,
      "api": "csp_WexKanmeiju",
      "searchable": 1,
      "changeable": 1
    },
    {
      "jar": "./lib/wex.jar",
      "key": "csp_WexFangniu4k_MULTIJAR",
      "name": "雷蒙影视 | 🐮放牛(MULTI)",
      "type": 3,
      "api": "csp_WexFangniu4k",
      "searchable": 1,
      "changeable": 1
    },
    {
      "jar": "./lib/wex.jar",
      "key": "csp_WexShijuedy_MULTIJAR",
      "name": "雷蒙影视 | 🐮视觉(MULTI)",
      "type": 3,
      "api": "csp_WexShijuedy",
      "searchable": 1,
      "changeable": 1
    },
    {
      "jar": "./lib/wex.jar",
      "key": "csp_WexNmys_MULTIJAR",
      "name": "雷蒙影视 | 🐮农民(MULTI)",
      "type": 3,
      "api": "csp_WexNmys",
      "searchable": 1,
      "changeable": 1
    },
    {
      "jar": "./lib/wex.jar",
      "key": "csp_Wexbaipiao_MULTIJAR",
      "name": "雷蒙影视 | 🐮白嫖(MULTI)",
      "type": 3,
      "api": "csp_Wexbaipiao",
      "searchable": 1,
      "changeable": 1
    },
    {
      "jar": "./lib/wex.jar",
      "key": "csp_WexDiduanys_MULTIJAR",
      "name": "雷蒙影视 | 🐮哔嘀(MULTI)",
      "type": 3,
      "api": "csp_WexBDys",
      "searchable": 1,
      "changeable": 1
    },
    {
      "jar": "./lib/wex.jar",
      "key": "csp_WexDiduanys_MULTIJAR",
      "name": "雷蒙影视 | 🐮低端(MULTI)",
      "type": 3,
      "api": "csp_WexDiduanys",
      "searchable": 1,
      "changeable": 1
    },
    {
      "jar": "./lib/wex.jar",
      "key": "csp_WexF4kvm_MULTIJAR",
      "name": "雷蒙影视 | 🐮纯享(MULTI)",
      "type": 3,
      "api": "csp_WexF4kvm",
      "searchable": 1,
      "changeable": 1
    },
    {
      "jar": "./lib/wex.jar",
      "key": "csp_Wexbttwo_MULTIJAR",
      "name": "雷蒙影视 | 🐮BT(MULTI)",
      "type": 3,
      "api": "csp_Wexbttwo",
      "searchable": 1,
      "changeable": 1
    },
    {
      "jar": "./lib/wex.jar",
      "key": "csp_WexFreeok_MULTIJAR",
      "name": "雷蒙影视 | 🐮OK(MULTI)",
      "type": 3,
      "api": "csp_WexFreeok",
      "searchable": 1,
      "changeable": 0
    },
    {
      "jar": "./lib/wex.jar",
      "key": "csp_Tvbyunv2_MULTIJAR",
      "name": "雷蒙影视 | 🐮云播(MULTI)",
      "type": 3,
      "api": "csp_Tvbyunv2",
      "searchable": 1,
      "changeable": 1
    },
    {
      "jar": "./lib/wex.jar",
      "key": "csp_Lingsanys_MULTIJAR",
      "name": "雷蒙影视 | 🐮第三(MULTI)",
      "type": 3,
      "api": "csp_Lingsanys",
      "searchable": 1,
      "changeable": 1
    },
    {
      "jar": "./lib/wex.jar",
      "key": "csp_Wexvipduanju_MULTIJAR",
      "name": "雷蒙影视 | 🐮短剧(MULTI)",
      "type": 3,
      "api": "csp_Wexvipduanju",
      "searchable": 1,
      "changeable": 1
    },
    {
      "jar": "./lib/wex.jar",
      "key": "csp_WexMp4dy_MULTIJAR",
      "name": "雷蒙影视 | 🐮MP4(MULTI)",
      "type": 3,
      "api": "csp_WexMp4dy",
      "searchable": 1,
      "changeable": 0
    },
    {
      "jar": "./lib/wex.jar",
      "key": "csp_WexXb6v_MULTIJAR",
      "name": "雷蒙影视 | 🐮新6V(MULTI)",
      "type": 3,
      "api": "csp_WexXb6v",
      "searchable": 1,
      "changeable": 0
    },
    {
      "jar": "./lib/wex.jar",
      "key": "csp_WexTwobt_MULTIJAR",
      "name": "雷蒙影视 | 🐮两个BT(MULTI)",
      "type": 3,
      "api": "csp_WexTwobt",
      "searchable": 1,
      "changeable": 0
    },
    {
      "jar": "./lib/wex.jar",
      "key": "csp_WexPandalivetv_MULTIJAR",
      "name": "雷蒙影视 | 🐮韩国直播(MULTI)",
      "type": 3,
      "api": "csp_WexPandalivetv",
      "searchable": 0,
      "changeable": 0
    },
    {
      "jar": "./lib/wex.jar",
      "key": "csp_WexYinyuetai_MULTIJAR",
      "name": "雷蒙影视 | 🐮音悦台(MULTI)",
      "type": 3,
      "api": "csp_WexYinyuetai",
      "searchable": 1,
      "changeable": 0,
      "playerType": 2
    },
    {
      "jar": "./lib/wex.jar",
      "key": "csp_WexIktv_MULTIJAR",
      "name": "雷蒙影视 | 🐮KTV(MULTI)",
      "type": 3,
      "api": "csp_WexIktv",
      "searchable": 1,
      "changeable": 0
    },
    {
      "jar": "./lib/wex.jar",
      "key": "csp_Wexqingfengdj_MULTIJAR",
      "name": "雷蒙影视 | 🐮清风DJ(MULTI)",
      "type": 3,
      "api": "csp_Wexqingfengdj",
      "searchable": 1,
      "changeable": 0
    },
    {
      "jar": "./lib/wex.jar",
      "key": "csp_Wexxsmp3_MULTIJAR",
      "name": "雷蒙影视 | 🐮相声(MULTI)",
      "type": 3,
      "api": "csp_Wexxsmp3",
      "searchable": 1,
      "changeable": 0
    },
    {
      "jar": "./lib/wex.jar",
      "key": "csp_Wexpsmp3_MULTIJAR",
      "name": "雷蒙影视 | 🐮评书(MULTI)",
      "type": 3,
      "api": "csp_Wexpsmp3",
      "searchable": 1,
      "changeable": 0
    },
    {
      "key": "vod_快车",
      "name": "雷蒙影视 | ️🚀快车",
      "type": 1,
      "api": "https://caiji.kczyapi.com/api.php/provide/vod/?ac=list",
      "searchable": 1,
      "changeable": 1,
      "quickSearch": 1,
      "filterable": 1,
      "categories": [
        "动漫",
        "电影",
        "动作片",
        "喜剧片",
        "爱情片",
        "科幻片",
        "恐怖片",
        "战争片",
        "剧情片",
        "伦理片",
        "动画片",
        "电视剧",
        "国产剧",
        "香港剧",
        "台湾剧",
        "欧美剧",
        "韩国剧",
        "日本剧",
        "海外剧",
        "动漫",
        "国产动漫",
        "日本动漫",
        "欧美动漫",
        "预留",
        "综艺",
        "大陆综艺",
        "日韩综艺",
        "港台综艺",
        "欧美综艺",
        "泰国剧",
        "未分类"
      ]
    },
    {
      "key": "vod_火狐",
      "name": "雷蒙影视 | ️🚀火狐",
      "type": 1,
      "style": {
        "type": "rect",
        "ratio": 0.8
      },
      "api": "https://hhzyapi.com/api.php/provide/vod/?ac=list",
      "searchable": 1,
      "quickSearch": 0,
      "filterable": 1,
      "categories": [
        "动作片",
        "喜剧片",
        "爱情片",
        "科幻片",
        "恐怖片",
        "剧情片",
        "战争片",
        "悬疑片",
        "犯罪片",
        "奇幻片",
        "记录片",
        "动画片",
        "伦理片",
        "内地剧",
        "香港剧",
        "台湾剧",
        "日剧",
        "韩剧",
        "欧美剧",
        "马泰剧",
        "大陆综艺",
        "港台综艺",
        "日韩综艺",
        "欧美综艺",
        "中国动漫",
        "日本动漫",
        "欧美动漫"
      ]
    },
    {
      "key": "vod_快看",
      "name": "雷蒙影视 | ️🚀快看",
      "type": 1,
      "api": "https://kuaikan-api.com/api.php/provide/vod",
      "categories": [
        "网络电影",
        "动画电影",
        "动作片",
        "冒险片",
        "喜剧片",
        "爱情片",
        "奇幻片",
        "灾难片",
        "科幻片",
        "恐怖片",
        "剧情片",
        "战争片",
        "国产动漫",
        "日本动漫",
        "国产剧",
        "韩国剧",
        "港台剧",
        "欧美剧",
        "国产综艺",
        "港台综艺"
      ]
    },
    {
      "key": "vod_优质",
      "name": "雷蒙影视 | 🚀优质",
      "type": 1,
      "api": "https://api.1080zyku.com/inc/api_mac10.php",
      "searchable": 1,
      "quickSearch": 1
    },
    {
      "key": "vod_爱酷",
      "name": "雷蒙影视 | 🚀爱酷",
      "type": 1,
      "api": "https://api.iku.cool/api.php/provide/vod/?ac=list",
      "searchable": 1,
      "quickSearch": 1,
      "filterable": 0,
      "categories": [
        "电影",
        "连续剧",
        "综艺",
        "动漫"
      ]
    },
    {
      "key": "vod_享看",
      "name": "雷蒙影视 | 🚀享看",
      "type": 1,
      "api": "https://xkanzy10.com/api.php/provide/vod",
      "searchable": 1,
      "quickSearch": 1,
      "filterable": 1
    },
    {
      "key": "vod_魔都",
      "name": "雷蒙影视 | ️🚀魔都",
      "type": 1,
      "api": "https://www.moduzy.com/api.php/provide/vod/?ac=list",
      "searchable": 1,
      "changeable": 1,
      "quickSearch": 1,
      "filterable": 1,
      "categories": [
        "国产动漫",
        "日韩动漫",
        "欧美动漫",
        "港台动漫",
        "动漫电影"
      ]
    },
    {
      "key": "vod_星影",
      "name": "雷蒙影视 | ️🚀星影",
      "type": 1,
      "api": "https://www.xy1080.net/api.php/provide/vod",
      "searchable": 1,
      "quickSearch": 1,
      "filterable": 1
    },
    {
      "key": "vod_极速",
      "name": "雷蒙影视 | ️🚀极速",
      "type": 1,
      "api": "https://jszyapi.com/api.php/provide/vod/at/json",
      "searchable": 1,
      "quickSearch": 1,
      "filterable": 1,
      "categories": [
        "内地剧",
        "欧美剧",
        "日剧",
        "韩剧",
        "台湾剧",
        "香港剧",
        "马泰剧",
        "悬疑片",
        "喜剧片",
        "动作片",
        "爱情片",
        "科幻片",
        "恐怖片",
        "剧情片",
        "战争片",
        "犯罪片",
        "记录片",
        "动画片",
        "日本动漫",
        "欧美动漫",
        "中国动漫",
        "大陆综艺",
        "日韩综艺",
        "港台综艺",
        "欧美综艺",
        "体育赛事"
      ]
    },
    {
      "key": "vod_49",
      "name": "雷蒙影视 | ️🚀49",
      "type": 1,
      "api": "https://49zyw.com/api.php/provide/vod/at/json",
      "searchable": 1,
      "quickSearch": 1,
      "filterable": 1,
      "categories": [
        "电影解说",
        "国产剧",
        "欧美剧",
        "日剧",
        "韩国剧",
        "海外据",
        "台湾剧",
        "香港剧",
        "泰国剧",
        "悬疑片",
        "喜剧片",
        "动作片",
        "爱情片",
        "科幻片",
        "恐怖片",
        "剧情片",
        "战争片",
        "犯罪片",
        "奇幻片",
        "动画片",
        "日本动漫",
        "欧美动漫",
        "国产动漫",
        "大陆综艺",
        "日韩综艺",
        "港台综艺",
        "欧美综艺"
      ]
    },
    {
      "key": "vod_索尼",
      "name": "雷蒙影视 | ️🚀索尼",
      "type": 1,
      "api": "https://suoniapi.com/api.php/provide/vod/?ac=list",
      "searchable": 1,
      "changeable": 1,
      "quickSearch": 1,
      "filterable": 1,
      "categories": [
        "动作片",
        "喜剧片",
        "爱情片",
        "科幻片",
        "恐怖片",
        "剧情片",
        "战争片",
        "悬疑片",
        "犯罪片",
        "冒险片",
        "动画片",
        "惊悚片",
        "奇幻片",
        "国产剧",
        "欧美剧",
        "韩剧",
        "日剧",
        "港剧",
        "台剧",
        "泰剧",
        "大陆综艺",
        "日韩综艺",
        "港台综艺",
        "欧美综艺",
        "国产动漫",
        "日韩动漫",
        "欧美动漫",
        "动画片",
        "港台动漫",
        "海外动漫",
        "伦理片"
      ]
    },
    {
      "key": "vod_夸克",
      "name": "雷蒙影视 | ️🚀夸克",
      "type": 1,
      "api": "http://kuakezy1.com/api.php/provide/vod/",
      "searchable": 1,
      "quickSearch": 1,
      "filterable": 1,
      "changeable": 1,
      "categories": [
        "动作片",
        "喜剧片",
        "爱情片",
        "科幻片",
        "恐怖片",
        "剧情片",
        "战争片",
        "伦理片",
        "纪录片",
        "悬疑片",
        "动画片",
        "犯罪片",
        "奇幻片",
        "国产剧",
        "香港剧",
        "台湾剧",
        "韩国剧",
        "美国剧",
        "日本剧",
        "海外剧",
        "泰剧",
        "大陆综艺",
        "日韩综艺",
        "港台综艺",
        "欧美综艺",
        "国产动漫",
        "日韩动漫",
        "欧美动漫",
        "热门短剧"
      ]
    },
    {
      "key": "vod_海外看",
      "name": "雷蒙影视 | ️🚀海外看",
      "type": 1,
      "api": "https://haiwaikan.com/api.php/provide/vod",
      "searchable": 1,
      "quickSearch": 1,
      "filterable": 1,
      "changeable": 1,
      "categories": [
        "日本动漫",
        "国产动漫",
        "欧美动漫",
        "国产剧",
        "韩剧",
        "日剧",
        "台剧",
        "泰剧",
        "港剧",
        "欧美剧",
        "动画电影",
        "韩国综艺",
        "国产综艺",
        "日本综艺",
        "欧美综艺",
        "冒险片",
        "剧情片",
        "动作片",
        "同性片",
        "喜剧片",
        "奇幻片",
        "恐怖片",
        "悬疑片",
        "惊悚片",
        "战争片",
        "歌舞片",
        "灾难片",
        "爱情片",
        "犯罪片",
        "科幻片",
        "纪录片",
        "经典片"
      ]
    },
    {
      "key": "vod_哔饭",
      "name": "雷蒙影视 | ️🚀哔饭",
      "type": 1,
      "api": "https://cdk.centos.chat/api.php/provide/vod",
      "searchable": 1,
      "quickSearch": 1,
      "filterable": 1
    },
    {
      "key": "vod_虎牙",
      "name": "雷蒙影视 | ️🚀虎牙",
      "type": 1,
      "api": "https://www.huyaapi.com/api.php/provide/vod/from/hym3u8",
      "searchable": 1,
      "quickSearch": 1,
      "filterable": 1
    },
    {
      "key": "vod_大漠",
      "name": "雷蒙影视 | ️🚀大漠",
      "type": 1,
      "api": "https://damozy.com/api.php/provide/vod/?ac=list",
      "searchable": 1,
      "quickSearch": 1,
      "filterable": 1
    },
    {
      "key": "vod_猫放",
      "name": "雷蒙影视 | ️🚀猫放",
      "type": 1,
      "api": "https://www.mervod.com/api.php/provide/vod/",
      "searchable": 1,
      "quickSearch": 1,
      "filterable": 1
    },
    {
      "key": "vod_U酷",
      "name": "雷蒙影视 | ️🚀U酷",
      "type": 1,
      "api": "https://api.ukuapi.com/api.php/provide/vod/",
      "searchable": 1,
      "quickSearch": 1,
      "filterable": 1
    },
    {
      "key": "vod_最大",
      "name": "雷蒙影视 | ️🚀最大",
      "type": 1,
      "api": "http://zuidazy.me/api.php/provide/vod/",
      "searchable": 1,
      "quickSearch": 1,
      "filterable": 1
    },
    {
      "key": "vod_速播",
      "name": "雷蒙影视 | ️🚀速播",
      "type": 1,
      "api": "https://subocaiji.com/api.php/provide/vod/",
      "searchable": 1,
      "quickSearch": 1,
      "filterable": 1
    },
    {
      "key": "vod_奇虎",
      "name": "雷蒙影视 | ️🚀奇虎",
      "type": 1,
      "api": "https://caiji.qhzyapi.com/api.php/provide/vod/",
      "searchable": 1,
      "quickSearch": 1,
      "filterable": 1
    },
    {
      "key": "vod_淘片",
      "name": "雷蒙影视 | ️🚀淘片",
      "type": 1,
      "api": "https://taopianapi.com/cjapi/mc/vod/json.html",
      "searchable": 1,
      "quickSearch": 1,
      "filterable": 1
    },
    {
      "key": "vod_乐视",
      "name": "雷蒙影视 | ️🚀乐视",
      "type": 1,
      "api": "https://leshizyapi.com/api.php/provide/vod/",
      "searchable": 1,
      "filterable": 0,
      "changeable": 1,
      "categories": [
        "国产剧",
        "国产动漫",
        "日韩动漫",
        "大陆综艺",
        "韩国剧",
        "日本剧",
        "动作片",
        "喜剧片",
        "爱情片",
        "科幻片",
        "恐怖片",
        "剧情片"
      ]
    },
    {
      "key": "vod_爱坤",
      "name": "雷蒙影视 | ️🚀爱坤",
      "type": 1,
      "api": "https://ikunzyapi.com/api.php/provide/vod/from/ikm3u8/at/json",
      "searchable": 1,
      "quickSearch": 1,
      "filterable": 1
    },
    {
      "key": "vod_新浪",
      "name": "雷蒙影视 | ️🚀新浪",
      "type": 1,
      "api": "http://api.xinlangapi.com/xinlangapi.php/provide/vod/",
      "searchable": 1,
      "quickSearch": 1,
      "filterable": 1,
      "playUrl": "",
      "categories": [
        "电影",
        "动漫",
        "动漫电影",
        "战争片",
        "动作片",
        "喜剧片",
        "科幻片",
        "恐怖片",
        "日剧",
        "电视剧",
        "大陆剧",
        "港澳剧",
        "台湾剧",
        "韩剧",
        "欧美剧"
      ]
    },
    {
      "key": "vod_百度",
      "name": "雷蒙影视 | ️🚀百度",
      "type": 1,
      "api": "https://api.apibdzy.com/api.php/provide/vod",
      "playUrl": "https://jx.jxbdzyw.com/m3u8/?url=",
      "searchable": 1,
      "quickSearch": 1,
      "categories": []
    },
    {
      "key": "vod_无尽",
      "name": "雷蒙影视 | ️🚀无尽",
      "type": 1,
      "api": "https://api.wujinapi.cc/api.php/provide/vod/",
      "searchable": 1,
      "quickSearch": 1,
      "playUrl": "https://jx.wujinkk.com/dplayer/?url="
    },
    {
      "key": "vod_天空",
      "name": "雷蒙影视 | ️🚀天空",
      "type": 1,
      "api": "http://api.tiankongapi.com/api.php/provide/vod/",
      "playUrl": "",
      "searchable": 1,
      "quickSearch": 0,
      "categories": []
    },
    {
      "key": "vod_熊掌",
      "name": "雷蒙影视 | ️🚀熊掌",
      "type": 1,
      "api": "https://xzcjz.com/api.php/provide/vod",
      "searchable": 1,
      "filterable": 0,
      "changeable": 1,
      "categories": [
        "国产剧",
        "国产动漫",
        "大陆综艺",
        "欧美剧",
        "日韩剧",
        "战争片",
        "动作片",
        "喜剧片",
        "爱情片",
        "科幻片",
        "恐怖片",
        "剧情片"
      ]
    },
    {
      "key": "xml_海兔",
      "name": "雷蒙影视 | ️🚀海兔",
      "type": 0,
      "api": "https://www.haituu.tv/api.php/provide/vod/at/xml/",
      "playUrl": "https://hd.iapijy.com/play?url=",
      "searchable": 1,
      "quickSearch": 1,
      "categories": []
    },
    {
      "key": "xml_金鹰",
      "name": "雷蒙影视 | ️🚀金鹰",
      "type": 0,
      "api": "https://jyzyapi.com/provide/vod/from/jinyingm3u8/at/xml/",
      "playUrl": "https://hd.iapijy.com/play?url=",
      "searchable": 1,
      "quickSearch": 1,
      "categories": []
    }
  ],
  "rules": [
    {
      "name": "proxy",
      "hosts": [
        "raw.githubusercontent.com",
        "googlevideo.com",
        "cdn.v82u1l.com",
        "cdn.iz8qkg.com",
        "cdn.kin6c1.com",
        "c.biggggg.com",
        "c.olddddd.com",
        "haiwaikan.com",
        "www.histar.tv",
        "youtube.com",
        "uhibo.com",
        ".*boku.*",
        ".*nivod.*",
        ".*ulivetv.*"
      ]
    },
    {
      "name": "夜市",
      "hosts": [
        "yeslivetv.com"
      ],
      "script": [
        "document.getElementsByClassName('vjs-big-play-button')[0].click()"
      ]
    },
    {
      "name": "毛驢",
      "hosts": [
        "www.maolvys.com"
      ],
      "script": [
        "document.getElementsByClassName('swal-button swal-button--confirm')[0].click()"
      ]
    },
    {
      "name": "火山嗅探",
      "hosts": [
        "huoshan.com"
      ],
      "regex": [
        "item_id="
      ]
    },
    {
      "name": "抖音嗅探",
      "hosts": [
        "douyin.com"
      ],
      "regex": [
        "is_play_url="
      ]
    },
    {
      "name": "農民嗅探",
      "hosts": [
        "toutiaovod.com"
      ],
      "regex": [
        "toutiaovod.com"
      ]
    },
    {
      "name": "喵次元139嗅探",
      "hosts": [
        "mcloud.139.com"
      ],
      "regex": [
        "mcloud.139.com"
      ]
    },
    {
      "name": "348资源嗅探",
      "hosts": [
        "aliyundrive.net"
      ],
      "regex": [
        "aliyundrive.net"
      ]
    },
    {
      "name": "七新嗅探",
      "hosts": [
        "api.52wyb.com"
      ],
      "regex": [
        "m3u8?pt=m3u8"
      ]
    },
    {
      "name": "磁力廣告",
      "hosts": [
        "magnet"
      ],
      "regex": [
        "更多",
        "社區",
        "xuu",
        "最新",
        "最新",
        "直播",
        "更新",
        "社区",
        "有趣",
        "有趣",
        "英皇体育",
        "全中文AV在线",
        "澳门皇冠赌场",
        "哥哥快来",
        "美女荷官",
        "裸聊",
        "新片首发",
        "UUE29"
      ]
    },
    {
      "name": "海外看",
      "hosts": [
        "haiwaikan"
      ],
      "regex": [
        "10.0099",
        "10.3333",
        "16.0599",
        "8.1748",
        "12.33",
        "10.85"
      ]
    },
    {
      "name": "一起看",
      "hosts": [
        "yqk88"
      ],
      "regex": [
        "#EXT-X-DISCONTINUITY\\r*\\n*[\\s\\S]*?#EXT-X-CUE-IN"
      ]
    },
    {
      "name": "廣告",
      "hosts": [
        "."
      ],
      "regex": [
        "#EXT-X-DISCONTINUITY\\r*\\n*#EXTINF:6.433333,[\\s\\S]*?#EXT-X-DISCONTINUITY",
        "#EXT-X-DISCONTINUITY\\r*\\n*#EXTINF:8,[\\s\\S]*?#EXT-X-DISCONTINUITY",
        "#EXT-X-DISCONTINUITY\\r*\\n*#EXTINF:7.680000,[\\s\\S]*?#EXT-X-DISCONTINUITY",
        "#EXT-X-DISCONTINUITY\\r*\\n*#EXTINF:6.666667,[\\s\\S]*?#EXT-X-DISCONTINUITY",
        "#EXT-X-DISCONTINUITY\\r*\\n*#EXTINF:15,[\\s\\S]*?#EXT-X-DISCONTINUITY",
        "#EXTINF.*?\\s+.*?1o.*?\\.ts\\s+",
        "#EXTINF.*?\\s+.*?muguacdn.*?\\.ts\\s+",
        "#EXTINF.*?\\s+.*?original.*?\\.ts\\s+",
        "#EXTINF.*?\\s+.*?\\/[\\d]{8}\\/[a-zA-Z0-9]{8}\\/hls\\/.*?\\.ts\\s+",
        "#EXTINF.*?\\s+.*[1-9][\\d]{4}\\.ts\\s+"
      ]
    }
  ],
  "parses": [
    {
      "name": "解析聚合",
      "type": 3,
      "url": "Demo"
    },
    {
      "name": "Json并发",
      "type": 2,
      "url": "Parallel"
    },
    {
      "name": "Json轮询",
      "type": 2,
      "url": "Sequence"
    },
    {
      "name": "Web解析聚合",
      "type": 3,
      "url": "Web"
    },
    {
      "name": "神秘的哥哥们",
      "type": 1,
      "url": "http://api.888484.xyz/神秘哥哥/super.php?v=",
      "ext": {
        "flag": [
          "qq",
          "腾讯",
          "qiyi",
          "爱奇艺",
          "奇艺",
          "youku",
          "优酷",
          "tucheng",
          "sohu",
          "搜狐",
          "letv",
          "乐视",
          "mgtv",
          "芒果",
          "tnmb",
          "seven",
          "yzm",
          "aliyun",
          "RJuMao",
          "bilibili",
          "1905",
          "xinvip",
          "XAL",
          "qiqi",
          "XALS",
          "YuMi-vip"
        ]
      }
    },
    {
      "name": "免费分享",
      "type": 0,
      "url": "https://jx.xmflv.com/?url=",
      "ext": {
        "flag": [
          "qq",
          "腾讯",
          "qiyi",
          "爱奇艺",
          "奇艺",
          "youku",
          "优酷",
          "mgtv",
          "芒果",
          "imgo",
          "letv",
          "乐视",
          "pptv",
          "PPTV",
          "sohu",
          "bilibili",
          "哔哩哔哩",
          "哔哩"
        ],
        "header": {
          "User-Agent": "okhttp/4.1.0"
        }
      }
    },
    {
      "name": "王",
      "type": 1,
      "url": "http://json.84jia.com/home/api?type=ys&uid=11154896&key=cefgiksvwyCGINV047&url="
    },
    {
      "name": "二",
      "type": 1,
      "url": "http://119.91.123.253:2345/Api/yun.php?url="
    },
    {
      "name": "小",
      "type": 1,
      "url": "http://122.228.84.103:7777/api/?key=qhBtN1ciPmdvPV83tX&url="
    },
    {
      "name": "帅",
      "type": 1,
      "url": "http://pan.qiaoji8.com/tvbox/neibu.php?url="
    },
    {
      "name": "线路1",
      "type": 0,
      "url": "https://jx.xmflv.com/?url=",
      "ext": {
        "header": {
          "user-agent": "Mozilla/5.0 (Windows NT 10.0; Win64; x64) AppleWebKit/537.36 (KHTML, like Gecko) Chrome/110.0.0.0 Safari/537.36 Edg/110.0.1587.57"
        }
      }
    },
    {
      "name": "线路2",
      "type": 0,
      "url": "https://jx.quankan.app/?url=",
      "ext": {
        "header": {
          "user-agent": "Mozilla/5.0 (Linux; Android 13; V2049A Build/TP1A.220624.014; wv) AppleWebKit/537.36 (KHTML, like Gecko) Version/4.0 Chrome/116.0.0.0 Mobile Safari/537.36"
        }
      }
    },
    {
      "name": "线路3",
      "type": 0,
      "url": "https://jx.yparse.com/index.php?url=",
      "ext": {
        "header": {
          "user-agent": "Mozilla/5.0 (Linux; Android 13; V2049A Build/TP1A.220624.014; wv) AppleWebKit/537.36 (KHTML, like Gecko) Version/4.0 Chrome/116.0.0.0 Mobile Safari/537.36"
        }
      }
    },
    {
      "name": "线路4",
      "type": 0,
      "url": "https://jx.jsonplayer.com/player/?url=",
      "ext": {
        "header": {
          "user-agent": "Mozilla/5.0 (Linux; Android 13; V2049A Build/TP1A.220624.014; wv) AppleWebKit/537.36 (KHTML, like Gecko) Version/4.0 Chrome/116.0.0.0 Mobile Safari/537.36"
        }
      }
    },
    {
      "name": "线路5",
      "type": 0,
      "url": "https://jx.aidouer.net/?url=",
      "ext": {
        "header": {
          "user-agent": "Mozilla/5.0 (Linux; Android 13; V2049A Build/TP1A.220624.014; wv) AppleWebKit/537.36 (KHTML, like Gecko) Version/4.0 Chrome/116.0.0.0 Mobile Safari/537.36",
          "referer": "https://jiejie.uk/"
        }
      }
    },
    {
      "name": "线路6",
      "type": 0,
      "url": "https://jx.777jiexi.com/player/?url="
    },
    {
      "name": "线路7",
      "type": 0,
      "url": "https://www.8090g.cn/?url="
    },
    {
      "name": "线路8",
      "type": 0,
      "url": "https://jx.yangtu.top?url="
    },
    {
      "name": "线路9",
      "type": 0,
      "url": "https://jx.m3u8.tv/jiexi/?url="
    },
    {
      "name": "线路10",
      "type": 0,
      "url": "https://www.ckplayer.vip/jiexi/?url="
    },
    {
      "name": "稻香🌾",
      "type": 0,
      "url": "https://jx.xmflv.com/?url=",
      "ext": {
        "flag": [
          "mgtv",
          "qiyi",
          "imgo",
          "爱奇艺",
          "奇艺",
          "qq",
          "腾讯",
          "youku",
          "优酷",
          "pptv",
          "PPTV",
          "letv",
          "乐视",
          "leshi",
          "bilibili",
          "哔哩哔哩",
          "哔哩",
          "mgtv",
          "芒果",
          "芒果"
        ],
        "header": {
          "User-Agent": "okhttp/3.12.0"
        }
      }
    },
    {
      "name": "飞云🌾",
      "type": 1,
      "url": "http://122.228.84.103:7777/api/?key=EauMlPIBC3spoYGaOB&url=",
      "ext": {
        "flag": [
          "FYNB",
          "NBY",
          "qiyi",
          "imgo",
          "爱奇艺",
          "奇艺",
          "qq",
          "腾讯",
          "youku",
          "优酷",
          "pptv",
          "PPTV",
          "letv",
          "乐视",
          "leshi",
          "bilibili",
          "哔哩哔哩",
          "哔哩",
          "mgtv",
          "芒果"
        ],
        "header": {
          "User-Agent": "okhttp/4.1.0"
        }
      }
    },
    {
      "name": "亮亮🌾",
      "type": 1,
      "url": "http://xiutan.shiyifacai.com/json/qingfeng.php?url=",
      "ext": {
        "flag": [
          "seven"
        ],
        "header": {
          "User-Agent": "Lavf/58.12.100"
        }
      }
    },
    {
      "name": "赞赞🌾",
      "type": 1,
      "url": "http://121.62.61.51:6888/api/?key=qy9VEMeeqwl3nI4gvA&url=",
      "ext": {
        "flag": [
          "NBY"
        ],
        "header": {
          "User-Agent": "okhttp/4.1.0"
        }
      }
    },
    {
      "name": "左岸🌾",
      "type": 1,
      "url": "http://122.228.84.103:5829/jx/?url=",
      "ext": {
        "flag": [
          "seven"
        ],
        "header": {
          "User-Agent": "okhttp/4.1.0"
        }
      }
    },
    {
      "name": "米饭🌾",
      "type": 0,
      "url": "https://jx.yangtu.top/?url=",
      "ext": {
        "flag": [
          "爱奇艺",
          "奇艺",
          "qq",
          "腾讯",
          "youku",
          "优酷",
          "pptv",
          "PPTV",
          "letv",
          "乐视",
          "leshi",
          "bilibili",
          "哔哩哔哩",
          "哔哩",
          "mgtv",
          "芒果",
          "芒果"
        ],
        "header": {
          "User-Agent": "Mozilla/5.0 (Linux; Android 6.0; Nexus 5 Build/MRA58N) AppleWebKit/537.36 (KHTML, like Gecko) Chrome/120.0.0.0 Mobile Safari/537.36"
        }
      }
    },
    {
      "name": "YuMi-vip🥭",
      "type": 0,
      "url": "https://jx.xmflv.com/?url=",
      "ext": {
        "flag": [
          "爱奇艺",
          "奇艺",
          "qq",
          "腾讯",
          "youku",
          "优酷",
          "pptv",
          "PPTV",
          "letv",
          "乐视",
          "leshi",
          "bilibili",
          "哔哩哔哩",
          "哔哩",
          "mgtv",
          "芒果",
          "芒果"
        ],
        "header": {
          "User-Agent": "Mozilla/5.0 (Linux; Android 6.0; Nexus 5 Build/MRA58N) AppleWebKit/537.36 (KHTML, like Gecko) Chrome/118.0.0.0 Mobile Safari/537.36"
        }
      }
    },
    {
      "name": "777",
      "type": 0,
      "url": "https://jx.777jiexi.com/player/?url=",
      "ext": {
        "flag": [
          "qq",
          "腾讯",
          "qiyi",
          "爱奇艺",
          "奇艺",
          "youku",
          "优酷",
          "mgtv",
          "芒果",
          "letv",
          "乐视",
          "pptv",
          "PPTV",
          "sohu",
          "bilibili",
          "哔哩哔哩",
          "哔哩"
        ],
        "header": {
          "User-Agent": "okhttp/4.1.0"
        }
      }
    },
    {
      "name": "jsonplayer",
      "type": 0,
      "url": "https://jx.jsonplayer.com/player/?url=",
      "ext": {
        "flag": [
          "qq",
          "腾讯",
          "qiyi",
          "爱奇艺",
          "奇艺",
          "youku",
          "优酷",
          "mgtv",
          "芒果",
          "letv",
          "乐视",
          "pptv",
          "PPTV",
          "sohu",
          "bilibili",
          "哔哩哔哩",
          "哔哩"
        ],
        "header": {
          "User-Agent": "okhttp/4.1.0"
        }
      }
    },
    {
      "name": "xmflv",
      "type": 0,
      "url": "https://jx.xmflv.com/?url=",
      "ext": {
        "flag": [
          "qq",
          "腾讯",
          "qiyi",
          "爱奇艺",
          "奇艺",
          "youku",
          "优酷",
          "mgtv",
          "芒果",
          "letv",
          "乐视",
          "pptv",
          "PPTV",
          "sohu",
          "bilibili",
          "哔哩哔哩",
          "哔哩"
        ]
      }
    },
    {
      "name": "剖云",
      "type": 0,
      "url": "https://www.pouyun.com/?url=",
      "ext": {
        "flag": [
          "qq",
          "腾讯",
          "qiyi",
          "爱奇艺",
          "奇艺",
          "youku",
          "优酷",
          "mgtv",
          "芒果",
          "letv",
          "乐视",
          "pptv",
          "PPTV",
          "sohu",
          "bilibili",
          "哔哩哔哩",
          "哔哩"
        ]
      }
    }
  ],
  "flags": [
    "youku",
    "qq",
    "iqiyi",
    "qiyi",
    "letv",
    "sohu",
    "tudou",
    "pptv",
    "mgtv",
    "wasu",
    "renrenmi",
    "duoduozy",
    "bilibili"
  ],
  "ijk": [
    {
      "group": "软解码",
      "options": [
        {
          "category": 4,
          "name": "opensles",
          "value": "0"
        },
        {
          "category": 4,
          "name": "overlay-format",
          "value": "842225234"
        },
        {
          "category": 4,
          "name": "framedrop",
          "value": "1"
        },
        {
          "category": 4,
          "name": "soundtouch",
          "value": "1"
        },
        {
          "category": 4,
          "name": "start-on-prepared",
          "value": "1"
        },
        {
          "category": 1,
          "name": "http-detect-range-support",
          "value": "0"
        },
        {
          "category": 1,
          "name": "fflags",
          "value": "fastseek"
        },
        {
          "category": 2,
          "name": "skip_loop_filter",
          "value": "48"
        },
        {
          "category": 4,
          "name": "reconnect",
          "value": "1"
        },
        {
          "category": 4,
          "name": "max-buffer-size",
          "value": "5242880"
        },
        {
          "category": 4,
          "name": "enable-accurate-seek",
          "value": "0"
        },
        {
          "category": 4,
          "name": "mediacodec",
          "value": "0"
        },
        {
          "category": 4,
          "name": "mediacodec-auto-rotate",
          "value": "0"
        },
        {
          "category": 4,
          "name": "mediacodec-handle-resolution-change",
          "value": "0"
        },
        {
          "category": 4,
          "name": "mediacodec-hevc",
          "value": "0"
        },
        {
          "category": 1,
          "name": "dns_cache_timeout",
          "value": "600000000"
        }
      ]
    },
    {
      "group": "硬解码",
      "options": [
        {
          "category": 4,
          "name": "opensles",
          "value": "0"
        },
        {
          "category": 4,
          "name": "overlay-format",
          "value": "842225234"
        },
        {
          "category": 4,
          "name": "framedrop",
          "value": "1"
        },
        {
          "category": 4,
          "name": "soundtouch",
          "value": "1"
        },
        {
          "category": 4,
          "name": "start-on-prepared",
          "value": "1"
        },
        {
          "category": 1,
          "name": "http-detect-range-support",
          "value": "0"
        },
        {
          "category": 1,
          "name": "fflags",
          "value": "fastseek"
        },
        {
          "category": 2,
          "name": "skip_loop_filter",
          "value": "48"
        },
        {
          "category": 4,
          "name": "reconnect",
          "value": "1"
        },
        {
          "category": 4,
          "name": "max-buffer-size",
          "value": "5242880"
        },
        {
          "category": 4,
          "name": "enable-accurate-seek",
          "value": "0"
        },
        {
          "category": 4,
          "name": "mediacodec",
          "value": "1"
        },
        {
          "category": 4,
          "name": "mediacodec-auto-rotate",
          "value": "1"
        },
        {
          "category": 4,
          "name": "mediacodec-handle-resolution-change",
          "value": "1"
        },
        {
          "category": 4,
          "name": "mediacodec-hevc",
          "value": "1"
        },
        {
          "category": 1,
          "name": "dns_cache_timeout",
          "value": "600000000"
        }
      ]
    }
  ],
  "ads": [
    "static-mozai.4gtv.tv",
    "s3t3d2y8.afcdn.net",
    "mozai.4gtv.tv",
    "mimg.0c1q0l.cn",
    "www.googletagmanager.com",
    "www.google-analytics.com",
    "mc.usihnbcq.cn",
    "mg.g1mm3d.cn",
    "mscs.svaeuzh.cn",
    "cnzz.hhttm.top",
    "tp.vinuxhome.com",
    "cnzz.mmstat.com",
    "www.baihuillq.com",
    "s23.cnzz.com",
    "z3.cnzz.com",
    "c.cnzz.com",
    "stj.v1vo.top",
    "z12.cnzz.com",
    "img.mosflower.cn",
    "tips.gamevvip.com",
    "ehwe.yhdtns.com",
    "xdn.cqqc3.com",
    "www.jixunkyy.cn",
    "sp.chemacid.cn",
    "hm.baidu.com",
    "s9.cnzz.com",
    "z6.cnzz.com",
    "um.cavuc.com",
    "mav.mavuz.com",
    "wofwk.aoidf3.com",
    "z5.cnzz.com",
    "xc.hubeijieshikj.cn",
    "tj.tianwenhu.com",
    "xg.gars57.cn",
    "k.jinxiuzhilv.com",
    "cdn.bootcss.com",
    "ppl.xunzhuo123.com",
    "xomk.jiangjunmh.top",
    "img.xunzhuo123.com",
    "z1.cnzz.com",
    "s13.cnzz.com",
    "xg.huataisangao.cn",
    "z7.cnzz.com",
    "xg.huataisangao.cn",
    "z2.cnzz.com",
    "s96.cnzz.com",
    "q11.cnzz.com",
    "thy.dacedsfa.cn",
    "xg.whsbpw.cn",
    "s19.cnzz.com",
    "z8.cnzz.com",
    "s4.cnzz.com",
    "f5w.as12df.top",
    "ae01.alicdn.com",
    "www.92424.cn",
    "k.wudejia.com",
    "vivovip.mmszxc.top",
    "qiu.xixiqiu.com",
    "cdnjs.hnfenxun.com",
    "cms.qdwght.com"
  ]
}