[

{"name":"推荐",
"list":[
{"name":"雷蒙影视应用商店","url":"https://github.moeyy.xyz/https://raw.githubusercontent.com/n3rddd/N3RD/master/JN/N3RD/W/POSTER1.png","icon":"https://github.moeyy.xyz/https://raw.githubusercontent.com/n3rddd/N3RD/master/JN/N3RD/W/POSTER2.png"}
]
},

{"name":"雷蒙影视 标准版",
"list":[
{"name":"雷蒙影视 STD VER.","url":"https://github.moeyy.xyz/https://raw.githubusercontent.com/n3rddd/MARKET/main/APP/CRIMETV5.5.0.apk","version":"5.5.0 20230902","icon":"https://github.moeyy.xyz/https://raw.githubusercontent.com/n3rddd/N3RD/master/JN/N3RD/W/COVER1.png"}
]
},

{"name":"雷蒙影视 专业版",
"list":[
{"name":"雷蒙影视 PRO VER.","url":"https://github.moeyy.xyz/https://raw.githubusercontent.com/n3rddd/MARKET/main/APP/CRIMETVPRO3.3.0v7a.apk","version":"3.3.0 32位 20240107","icon":"https://github.moeyy.xyz/https://raw.githubusercontent.com/n3rddd/N3RD/master/JN/N3RD/W/COVER2.png"},
{"name":"雷蒙影视 PRO VER.","url":"https://github.moeyy.xyz/https://raw.githubusercontent.com/n3rddd/MARKET/main/APP/CRIMETVPRO3.3.0v8a.apk","version":"3.3.0 64位 20240107","icon":"https://github.moeyy.xyz/https://raw.githubusercontent.com/n3rddd/N3RD/master/JN/N3RD/W/COVER2.png"},
{"name":"雷蒙影视 PRO VER.","url":"https://github.moeyy.xyz/https://raw.githubusercontent.com/n3rddd/MARKET/main/APP/CRIMETVPRO3.2.0v7a.apk","version":"3.2.0 32位 20231217","icon":"https://github.moeyy.xyz/https://raw.githubusercontent.com/n3rddd/N3RD/master/JN/N3RD/W/COVER2.png"},
{"name":"雷蒙影视 PRO VER.","url":"https://github.moeyy.xyz/https://raw.githubusercontent.com/n3rddd/MARKET/main/APP/CRIMETVPRO3.2.0v8a.apk","version":"3.2.0 64位 20231217","icon":"https://github.moeyy.xyz/https://raw.githubusercontent.com/n3rddd/N3RD/master/JN/N3RD/W/COVER2.png"},
{"name":"雷蒙影视 PRO VER.","url":"https://github.moeyy.xyz/https://raw.githubusercontent.com/n3rddd/MARKET/main/APP/CRIMETVPRO3.1.0v7a.apk","version":"3.1.0 32位 20231124","icon":"https://github.moeyy.xyz/https://raw.githubusercontent.com/n3rddd/N3RD/master/JN/N3RD/W/COVER2.png"},
{"name":"雷蒙影视 PRO VER.","url":"https://github.moeyy.xyz/https://raw.githubusercontent.com/n3rddd/MARKET/main/APP/CRIMETVPRO3.1.0v8a.apk","version":"3.1.0 64位 20231124","icon":"https://github.moeyy.xyz/https://raw.githubusercontent.com/n3rddd/N3RD/master/JN/N3RD/W/COVER2.png"},
{"name":"雷蒙影视 PRO VER.","url":"https://github.moeyy.xyz/https://raw.githubusercontent.com/n3rddd/MARKET/main/APP/CRIMETVPRO3.0.0v7a.apk","version":"3.0.0 32位 20230927","icon":"https://github.moeyy.xyz/https://raw.githubusercontent.com/n3rddd/N3RD/master/JN/N3RD/W/COVER2.png"},
{"name":"雷蒙影视 PRO VER.","url":"https://github.moeyy.xyz/https://raw.githubusercontent.com/n3rddd/MARKET/main/APP/CRIMETVPRO3.0.0v8a.apk","version":"3.0.0 64位 20230927","icon":"https://github.moeyy.xyz/https://raw.githubusercontent.com/n3rddd/N3RD/master/JN/N3RD/W/COVER2.png"}
]
},

{"name":"雷蒙影视 LUST版",
"list":[
{"name":"雷蒙影视 LUST VER.","url":"https://github.moeyy.xyz/https://raw.githubusercontent.com/n3rddd/MARKET/main/APP/LUSTTV3.0.8.apk","version":"3.0.8 20240114","icon":"https://github.moeyy.xyz/https://raw.githubusercontent.com/n3rddd/N3RD/master/JN/N3RD/W/COVER3.png"},
{"name":"雷蒙影视 LUST VER.","url":"https://github.moeyy.xyz/https://raw.githubusercontent.com/n3rddd/MARKET/main/APP/LUSTTV3.0.7.apk","version":"3.0.7 20240107","icon":"https://github.moeyy.xyz/https://raw.githubusercontent.com/n3rddd/N3RD/master/JN/N3RD/W/COVER3.png"},
{"name":"雷蒙影视 LUST VER.","url":"https://github.moeyy.xyz/https://raw.githubusercontent.com/n3rddd/MARKET/main/APP/LUSTTV3.0.5.apk","version":"3.0.5 20231225","icon":"https://github.moeyy.xyz/https://raw.githubusercontent.com/n3rddd/N3RD/master/JN/N3RD/W/COVER3.png"},
{"name":"雷蒙影视 LUST VER.","url":"https://github.moeyy.xyz/https://raw.githubusercontent.com/n3rddd/MARKET/main/APP/LUSTTV3.0.4.apk","version":"3.0.4 20231218","icon":"https://github.moeyy.xyz/https://raw.githubusercontent.com/n3rddd/N3RD/master/JN/N3RD/W/COVER3.png"},
{"name":"雷蒙影视 LUST VER.","url":"https://github.moeyy.xyz/https://raw.githubusercontent.com/n3rddd/MARKET/main/APP/LUSTTV3.0.3.apk","version":"3.0.3 20231212","icon":"https://github.moeyy.xyz/https://raw.githubusercontent.com/n3rddd/N3RD/master/JN/N3RD/W/COVER3.png"},
{"name":"雷蒙影视 LUST VER.","url":"https://github.moeyy.xyz/https://raw.githubusercontent.com/n3rddd/MARKET/main/APP/LUSTTV3.0.2.apk","version":"3.0.2 20231203","icon":"https://github.moeyy.xyz/https://raw.githubusercontent.com/n3rddd/N3RD/master/JN/N3RD/W/COVER3.png"},
{"name":"雷蒙影视 LUST VER.","url":"https://github.moeyy.xyz/https://raw.githubusercontent.com/n3rddd/MARKET/main/APP/LUSTTV2.0.0.apk","version":"2.0.0 20230326","icon":"https://github.moeyy.xyz/https://raw.githubusercontent.com/n3rddd/N3RD/master/JN/N3RD/W/COVER3.png"}
]
},
  
{"name":"本地包【将复制的链接粘贴到配置地址】",
"list":[
{"name":"雷蒙影视1211","url":"https://github.moeyy.xyz/https://raw.githubusercontent.com/n3rddd/MARKET/main/PAK/LEM1211.zip","version":"20231211","icon":"https://github.moeyy.xyz/https://raw.githubusercontent.com/n3rddd/N3RD/master/JN/N3RD/W/P1.jpg","copy":"clan://localhost/Download/lem/lem.json"},
{"name":"雷蒙影视1203","url":"https://github.moeyy.xyz/https://raw.githubusercontent.com/n3rddd/MARKET/main/PAK/LEM1203.zip","version":"20231203","icon":"https://github.moeyy.xyz/https://raw.githubusercontent.com/n3rddd/N3RD/master/JN/N3RD/W/P1.jpg","copy":"clan://localhost/Download/lem/lem.json"},
{"name":"雷蒙影视1127","url":"https://github.moeyy.xyz/https://raw.githubusercontent.com/n3rddd/MARKET/main/PAK/LEM1127.zip","version":"20231127","icon":"https://github.moeyy.xyz/https://raw.githubusercontent.com/n3rddd/N3RD/master/JN/N3RD/W/P1.jpg","copy":"clan://localhost/Download/lem/lem.json"},
{"name":"雷蒙影视1125","url":"https://github.moeyy.xyz/https://raw.githubusercontent.com/n3rddd/MARKET/main/PAK/LEM1125.zip","version":"20231125","icon":"https://github.moeyy.xyz/https://raw.githubusercontent.com/n3rddd/N3RD/master/JN/N3RD/W/P1.jpg","copy":"clan://localhost/Download/lem/lem.json"},
{"name":"雷蒙影视1120","url":"https://github.moeyy.xyz/https://raw.githubusercontent.com/n3rddd/MARKET/main/PAK/LEM1120.zip","version":"20231120","icon":"https://github.moeyy.xyz/https://raw.githubusercontent.com/n3rddd/N3RD/master/JN/N3RD/W/P1.jpg","copy":"clan://localhost/Download/lem/lem.json"},

{"name":"PNDGRV0121","url":"https://github.moeyy.xyz/https://raw.githubusercontent.com/n3rddd/MARKET/main/PAK/PG0121.zip","version":"20240121","icon":"https://github.moeyy.xyz/https://raw.githubusercontent.com/n3rddd/N3RD/master/JN/N3RD/W/P9.jpg","copy":"clan://localhost/Download/PG/jsm.json"},
{"name":"PNDGRV0115","url":"https://github.moeyy.xyz/https://raw.githubusercontent.com/n3rddd/MARKET/main/PAK/PG0115.zip","version":"20240115","icon":"https://github.moeyy.xyz/https://raw.githubusercontent.com/n3rddd/N3RD/master/JN/N3RD/W/P9.jpg","copy":"clan://localhost/Download/PG/jsm.json"},
{"name":"PNDGRV0114","url":"https://github.moeyy.xyz/https://raw.githubusercontent.com/n3rddd/MARKET/main/PAK/PG0114.zip","version":"20240114","icon":"https://github.moeyy.xyz/https://raw.githubusercontent.com/n3rddd/N3RD/master/JN/N3RD/W/P9.jpg","copy":"clan://localhost/Download/PG/jsm.json"},
{"name":"PNDGRV0112","url":"https://github.moeyy.xyz/https://raw.githubusercontent.com/n3rddd/MARKET/main/PAK/PG0112.zip","version":"20240112","icon":"https://github.moeyy.xyz/https://raw.githubusercontent.com/n3rddd/N3RD/master/JN/N3RD/W/P9.jpg","copy":"clan://localhost/Download/PG/jsm.json"},
{"name":"PNDGRV0109","url":"https://github.moeyy.xyz/https://raw.githubusercontent.com/n3rddd/MARKET/main/PAK/PG0109.zip","version":"20240109","icon":"https://github.moeyy.xyz/https://raw.githubusercontent.com/n3rddd/N3RD/master/JN/N3RD/W/P9.jpg","copy":"clan://localhost/Download/PG/jsm.json"},

{"name":"WATSON0109","url":"https://github.moeyy.xyz/https://raw.githubusercontent.com/n3rddd/MARKET/main/PAK/WATSON0109.zip","version":"20240109","icon":"https://github.moeyy.xyz/https://raw.githubusercontent.com/n3rddd/N3RD/master/JN/N3RD/W/P10.jpg","copy":"clan://localhost/Download/JS/js.json"},
{"name":"WATSON1223","url":"https://github.moeyy.xyz/https://raw.githubusercontent.com/n3rddd/MARKET/main/PAK/WATSON1223.zip","version":"20231223","icon":"https://github.moeyy.xyz/https://raw.githubusercontent.com/n3rddd/N3RD/master/JN/N3RD/W/P10.jpg","copy":"clan://localhost/Download/JS/js.json"},
{"name":"WATSON1206","url":"https://github.moeyy.xyz/https://raw.githubusercontent.com/n3rddd/MARKET/main/PAK/WATSON1206.zip","version":"20231206","icon":"https://github.moeyy.xyz/https://raw.githubusercontent.com/n3rddd/N3RD/master/JN/N3RD/W/P10.jpg","copy":"clan://localhost/Download/JS/js.json"},
{"name":"WATSON1123","url":"https://github.moeyy.xyz/https://raw.githubusercontent.com/n3rddd/MARKET/main/PAK/WATSON1123.zip","version":"20231123","icon":"https://github.moeyy.xyz/https://raw.githubusercontent.com/n3rddd/N3RD/master/JN/N3RD/W/P10.jpg","copy":"clan://localhost/Download/JS/js.json"},
{"name":"WATSON1115","url":"https://github.moeyy.xyz/https://raw.githubusercontent.com/n3rddd/MARKET/main/PAK/WATSON1115.zip","version":"20231115","icon":"https://github.moeyy.xyz/https://raw.githubusercontent.com/n3rddd/N3RD/master/JN/N3RD/W/P10.jpg","copy":"clan://localhost/Download/JS/js.json"},
  
{"name":"OKCPTN1228","url":"https://github.moeyy.xyz/https://raw.githubusercontent.com/n3rddd/MARKET/main/PAK/OK1228.zip","version":"20231228","icon":"https://github.moeyy.xyz/https://raw.githubusercontent.com/n3rddd/N3RD/master/JN/N3RD/W/P2.jpg","copy":"clan://localhost/Download/ok/ok.json"},
{"name":"OKCPTN1223","url":"https://github.moeyy.xyz/https://raw.githubusercontent.com/n3rddd/MARKET/main/PAK/OK1223.zip","version":"20231223","icon":"https://github.moeyy.xyz/https://raw.githubusercontent.com/n3rddd/N3RD/master/JN/N3RD/W/P2.jpg","copy":"clan://localhost/Download/ok/ok.json"},
{"name":"OKCPTN1218","url":"https://github.moeyy.xyz/https://raw.githubusercontent.com/n3rddd/MARKET/main/PAK/OK1218.zip","version":"20231218","icon":"https://github.moeyy.xyz/https://raw.githubusercontent.com/n3rddd/N3RD/master/JN/N3RD/W/P2.jpg","copy":"clan://localhost/Download/ok/ok.json"},
{"name":"OKCPTN1217","url":"https://github.moeyy.xyz/https://raw.githubusercontent.com/n3rddd/MARKET/main/PAK/OK1217.zip","version":"20231217","icon":"https://github.moeyy.xyz/https://raw.githubusercontent.com/n3rddd/N3RD/master/JN/N3RD/W/P2.jpg","copy":"clan://localhost/Download/ok/ok.json"},
{"name":"OKCPTN1215","url":"https://github.moeyy.xyz/https://raw.githubusercontent.com/n3rddd/MARKET/main/PAK/OK1215.zip","version":"20231215","icon":"https://github.moeyy.xyz/https://raw.githubusercontent.com/n3rddd/N3RD/master/JN/N3RD/W/P2.jpg","copy":"clan://localhost/Download/ok/ok.json"},

{"name":"香雅情1202","url":"https://github.moeyy.xyz/https://raw.githubusercontent.com/n3rddd/MARKET/main/PAK/XYQ1202.zip","version":"20231202","icon":"https://github.moeyy.xyz/https://raw.githubusercontent.com/n3rddd/N3RD/master/JN/N3RD/W/P8.jpg","copy":"clan://localhost/Download/XYQTVBox/XYQTVBox.json"},
{"name":"香雅情1129","url":"https://github.moeyy.xyz/https://raw.githubusercontent.com/n3rddd/MARKET/main/PAK/XYQ1129.zip","version":"20231129","icon":"https://github.moeyy.xyz/https://raw.githubusercontent.com/n3rddd/N3RD/master/JN/N3RD/W/P8.jpg","copy":"clan://localhost/Download/XYQTVBox/XYQTVBox.json"},
{"name":"香雅情1124","url":"https://github.moeyy.xyz/https://raw.githubusercontent.com/n3rddd/MARKET/main/PAK/XYQ1124.zip","version":"20231124","icon":"https://github.moeyy.xyz/https://raw.githubusercontent.com/n3rddd/N3RD/master/JN/N3RD/W/P8.jpg","copy":"clan://localhost/Download/XYQTVBox/XYQTVBox.json"}  
]
},

{"name":"v7a","list":[
{"name":"av1","url":"https://github.moeyy.xyz/https://raw.githubusercontent.com/lem85930/RLS/main/so/armeabi-v7a/libgav1JNI.so","version":"EXO","icon":"https://github.moeyy.xyz/https://raw.githubusercontent.com/n3rddd/N3RD/master/JN/N3RD/W/POSTER2.png"},
{"name":"荐片","url":"https://github.moeyy.xyz/https://raw.githubusercontent.com/lem85930/RLS/main/so/armeabi-v7a/libjpa.so","icon":"https://github.moeyy.xyz/https://raw.githubusercontent.com/n3rddd/N3RD/master/JN/N3RD/W/POSTER2.png"},
{"name":"磁力-1","url":"https://github.moeyy.xyz/https://raw.githubusercontent.com/lem85930/RLS/main/so/armeabi-v7a/libxl_stat.so","icon":"https://github.moeyy.xyz/https://raw.githubusercontent.com/n3rddd/N3RD/master/JN/N3RD/W/POSTER2.png"},
{"name":"磁力-2","url":"https://github.moeyy.xyz/https://raw.githubusercontent.com/lem85930/RLS/main/so/armeabi-v7a/libxl_thunder_sdk.so","icon":"https://github.moeyy.xyz/https://raw.githubusercontent.com/n3rddd/N3RD/master/JN/N3RD/W/POSTER2.png"},
{"name":"晴天","url":"https://github.moeyy.xyz/https://raw.githubusercontent.com/lem85930/RLS/main/so/armeabi-v7a/libmitv.so","icon":"https://github.moeyy.xyz/https://raw.githubusercontent.com/n3rddd/N3RD/master/JN/N3RD/W/POSTER2.png"},
{"name":"P2P","url":"https://github.moeyy.xyz/https://raw.githubusercontent.com/lem85930/RLS/main/so/armeabi-v7a/libp2p.so","icon":"https://github.moeyy.xyz/https://raw.githubusercontent.com/n3rddd/N3RD/master/JN/N3RD/W/POSTER2.png"},
{"name":"P3P","url":"https://github.moeyy.xyz/https://raw.githubusercontent.com/lem85930/RLS/main/so/armeabi-v7a/libp3p.so","icon":"https://github.moeyy.xyz/https://raw.githubusercontent.com/n3rddd/N3RD/master/JN/N3RD/W/POSTER2.png"},
{"name":"P4P","url":"https://github.moeyy.xyz/https://raw.githubusercontent.com/lem85930/RLS/main/so/armeabi-v7a/libp4p.so","icon":"https://github.moeyy.xyz/https://raw.githubusercontent.com/n3rddd/N3RD/master/JN/N3RD/W/POSTER2.png"},
{"name":"P5P","url":"https://github.moeyy.xyz/https://raw.githubusercontent.com/lem85930/RLS/main/so/armeabi-v7a/libp5p.so","icon":"https://github.moeyy.xyz/https://raw.githubusercontent.com/n3rddd/N3RD/master/JN/N3RD/W/POSTER2.png"},
{"name":"P6P","url":"https://github.moeyy.xyz/https://raw.githubusercontent.com/lem85930/RLS/main/so/armeabi-v7a/libp6p.so","icon":"https://github.moeyy.xyz/https://raw.githubusercontent.com/n3rddd/N3RD/master/JN/N3RD/W/POSTER2.png"},
{"name":"P7P","url":"https://github.moeyy.xyz/https://raw.githubusercontent.com/lem85930/RLS/main/so/armeabi-v7a/libp7p.so","icon":"https://github.moeyy.xyz/https://raw.githubusercontent.com/n3rddd/N3RD/master/JN/N3RD/W/POSTER2.png"},
{"name":"P8P","url":"https://github.moeyy.xyz/https://raw.githubusercontent.com/lem85930/RLS/main/so/armeabi-v7a/libp8p.so","icon":"https://github.moeyy.xyz/https://raw.githubusercontent.com/n3rddd/N3RD/master/JN/N3RD/W/POSTER2.png"},
{"name":"P9P","url":"https://github.moeyy.xyz/https://raw.githubusercontent.com/lem85930/RLS/main/so/armeabi-v7a/libp9p.so","icon":"https://github.moeyy.xyz/https://raw.githubusercontent.com/n3rddd/N3RD/master/JN/N3RD/W/POSTER2.png"}
]
},

{"name":"v8a","list":[
{"name":"av1","url":"https://github.moeyy.xyz/https://raw.githubusercontent.com/lem85930/RLS/main/so/arm64-v8a/libgav1JNI.so","version":"EXO","icon":"https://github.moeyy.xyz/https://raw.githubusercontent.com/n3rddd/N3RD/master/JN/N3RD/W/POSTER2.png"},
{"name":"荐片","url":"https://github.moeyy.xyz/https://raw.githubusercontent.com/lem85930/RLS/main/so/arm64-v8a/libjpa.so","icon":"https://github.moeyy.xyz/https://raw.githubusercontent.com/n3rddd/N3RD/master/JN/N3RD/W/POSTER2.png"},
{"name":"磁力-1","url":"https://github.moeyy.xyz/https://raw.githubusercontent.com/lem85930/RLS/main/so/arm64-v8a/libxl_stat.so","icon":"https://github.moeyy.xyz/https://raw.githubusercontent.com/n3rddd/N3RD/master/JN/N3RD/W/POSTER2.png"},
{"name":"磁力-2","url":"https://github.moeyy.xyz/https://raw.githubusercontent.com/lem85930/RLS/main/so/arm64-v8a/libxl_thunder_sdk.so","icon":"https://github.moeyy.xyz/https://raw.githubusercontent.com/n3rddd/N3RD/master/JN/N3RD/W/POSTER2.png"}
]
}

]
