{
"token":"",
"open_token":"",
"thread_limit":32,
"is_vip":true,
"vip_thread_limit":0,
"vod_flags":"4k|4kz|auto",
"quark_thread_limit":32,
"quark_is_vip":false,
"quark_vip_thread_limit":16,
"quark_flags":"4kz|auto",
"uc_thread_limit":0,
"uc_is_vip":false,
"uc_vip_thread_limit":0,
"uc_flags":"4kz|auto",
"thunder_thread_limit":0,
"thunder_is_vip":false,
"thunder_vip_thread_limit":0,
"thunder_flags":"4k|4kz|auto",
"aliproxy":"",
"proxy":"",
"open_api_url":"https://api.xhofe.top/alist/ali_open/",
"danmu":true,
"quark_danmu":true,
"quark_cookie":"",
"uc_cookie":"",
"thunder_username":"",
"thunder_password":"",
"thunder_captchatoken":""
}
