[

{"name":"推荐",
"list":[
{"name":"雷蒙影视应用商店","url":"https://gh.isteed.cc/https://raw.githubusercontent.com/n3rddd/N3RD/master/JN/N3RD/W/POSTER1.png","icon":"https://gh.isteed.cc/https://raw.githubusercontent.com/n3rddd/N3RD/master/JN/N3RD/W/POSTER2.png"}
]
},

{"name":"雷蒙影视",
"list":[
{"name":"雷蒙影视 STD VER.","url":"https://gh.isteed.cc/https://raw.githubusercontent.com/n3rddd/MARKET/main/APP/CRIMETV5.5.0.apk","version":"5.5.0 20230902","icon":"https://gh.isteed.cc/https://raw.githubusercontent.com/n3rddd/N3RD/master/JN/N3RD/W/COVER1.png"},
{"name":"雷蒙影视 DLX VER.","url":"https://gh.isteed.cc/https://raw.githubusercontent.com/n3rddd/MARKET/main/APP/CRIMETVDLX1.0.0.apk","version":"1.0.0 20240222","icon":"https://gh.isteed.cc/https://raw.githubusercontent.com/n3rddd/N3RD/master/JN/N3RD/W/CRIMIETVDLXICON.png"}
]
},

{"name":"雷蒙影视 专业版",
"list":[
{"name":"雷蒙影视 PRO VER.","url":"https://gh.isteed.cc/https://raw.githubusercontent.com/n3rddd/MARKET/main/APP/CRIMETVPRO3.5.0v7a.apk","version":"3.5.0 32位 20240331","icon":"https://gh.isteed.cc/https://raw.githubusercontent.com/n3rddd/N3RD/master/JN/N3RD/W/COVER2.png"},
{"name":"雷蒙影视 PRO VER.","url":"https://gh.isteed.cc/https://raw.githubusercontent.com/n3rddd/MARKET/main/APP/CRIMETVPRO3.5.0v8a.apk","version":"3.5.0 64位 20240331","icon":"https://gh.isteed.cc/https://raw.githubusercontent.com/n3rddd/N3RD/master/JN/N3RD/W/COVER2.png"},
{"name":"雷蒙影视 PRO VER.","url":"https://gh.isteed.cc/https://raw.githubusercontent.com/n3rddd/MARKET/main/APP/CRIMETVPRO3.4.0v7a.apk","version":"3.4.0 32位 20240218","icon":"https://gh.isteed.cc/https://raw.githubusercontent.com/n3rddd/N3RD/master/JN/N3RD/W/COVER2.png"},
{"name":"雷蒙影视 PRO VER.","url":"https://gh.isteed.cc/https://raw.githubusercontent.com/n3rddd/MARKET/main/APP/CRIMETVPRO3.4.0v8a.apk","version":"3.4.0 64位 20240218","icon":"https://gh.isteed.cc/https://raw.githubusercontent.com/n3rddd/N3RD/master/JN/N3RD/W/COVER2.png"},
{"name":"雷蒙影视 PRO VER.","url":"https://gh.isteed.cc/https://raw.githubusercontent.com/n3rddd/MARKET/main/APP/CRIMETVPRO3.3.0v7a.apk","version":"3.3.0 32位 20240107","icon":"https://gh.isteed.cc/https://raw.githubusercontent.com/n3rddd/N3RD/master/JN/N3RD/W/COVER2.png"},
{"name":"雷蒙影视 PRO VER.","url":"https://gh.isteed.cc/https://raw.githubusercontent.com/n3rddd/MARKET/main/APP/CRIMETVPRO3.3.0v8a.apk","version":"3.3.0 64位 20240107","icon":"https://gh.isteed.cc/https://raw.githubusercontent.com/n3rddd/N3RD/master/JN/N3RD/W/COVER2.png"},
{"name":"雷蒙影视 PRO VER.","url":"https://gh.isteed.cc/https://raw.githubusercontent.com/n3rddd/MARKET/main/APP/CRIMETVPRO3.2.0v7a.apk","version":"3.2.0 32位 20231217","icon":"https://gh.isteed.cc/https://raw.githubusercontent.com/n3rddd/N3RD/master/JN/N3RD/W/COVER2.png"},
{"name":"雷蒙影视 PRO VER.","url":"https://gh.isteed.cc/https://raw.githubusercontent.com/n3rddd/MARKET/main/APP/CRIMETVPRO3.2.0v8a.apk","version":"3.2.0 64位 20231217","icon":"https://gh.isteed.cc/https://raw.githubusercontent.com/n3rddd/N3RD/master/JN/N3RD/W/COVER2.png"},
{"name":"雷蒙影视 PRO VER.","url":"https://gh.isteed.cc/https://raw.githubusercontent.com/n3rddd/MARKET/main/APP/CRIMETVPRO3.1.0v7a.apk","version":"3.1.0 32位 20231124","icon":"https://gh.isteed.cc/https://raw.githubusercontent.com/n3rddd/N3RD/master/JN/N3RD/W/COVER2.png"},
{"name":"雷蒙影视 PRO VER.","url":"https://gh.isteed.cc/https://raw.githubusercontent.com/n3rddd/MARKET/main/APP/CRIMETVPRO3.1.0v8a.apk","version":"3.1.0 64位 20231124","icon":"https://gh.isteed.cc/https://raw.githubusercontent.com/n3rddd/N3RD/master/JN/N3RD/W/COVER2.png"},
{"name":"雷蒙影视 PRO VER.","url":"https://gh.isteed.cc/https://raw.githubusercontent.com/n3rddd/MARKET/main/APP/CRIMETVPRO3.0.0v7a.apk","version":"3.0.0 32位 20230927","icon":"https://gh.isteed.cc/https://raw.githubusercontent.com/n3rddd/N3RD/master/JN/N3RD/W/COVER2.png"},
{"name":"雷蒙影视 PRO VER.","url":"https://gh.isteed.cc/https://raw.githubusercontent.com/n3rddd/MARKET/main/APP/CRIMETVPRO3.0.0v8a.apk","version":"3.0.0 64位 20230927","icon":"https://gh.isteed.cc/https://raw.githubusercontent.com/n3rddd/N3RD/master/JN/N3RD/W/COVER2.png"}
]
},

{"name":"雷蒙影视 LUST版",
"list":[
{"name":"雷蒙影视 LUST VER.","url":"https://gh.isteed.cc/https://raw.githubusercontent.com/n3rddd/MARKET/main/APP/LUSTTV3.1.2.apk","version":"3.1.2 20240222","icon":"https://gh.isteed.cc/https://raw.githubusercontent.com/n3rddd/N3RD/master/JN/N3RD/W/COVER3.png"},
{"name":"雷蒙影视 LUST VER.","url":"https://gh.isteed.cc/https://raw.githubusercontent.com/n3rddd/MARKET/main/APP/LUSTTV3.1.1.apk","version":"3.1.1 20240203","icon":"https://gh.isteed.cc/https://raw.githubusercontent.com/n3rddd/N3RD/master/JN/N3RD/W/COVER3.png"},
{"name":"雷蒙影视 LUST VER.","url":"https://gh.isteed.cc/https://raw.githubusercontent.com/n3rddd/MARKET/main/APP/LUSTTV3.0.9.apk","version":"3.0.9 20240121","icon":"https://gh.isteed.cc/https://raw.githubusercontent.com/n3rddd/N3RD/master/JN/N3RD/W/COVER3.png"},
{"name":"雷蒙影视 LUST VER.","url":"https://gh.isteed.cc/https://raw.githubusercontent.com/n3rddd/MARKET/main/APP/LUSTTV3.0.8.apk","version":"3.0.8 20240114","icon":"https://gh.isteed.cc/https://raw.githubusercontent.com/n3rddd/N3RD/master/JN/N3RD/W/COVER3.png"},
{"name":"雷蒙影视 LUST VER.","url":"https://gh.isteed.cc/https://raw.githubusercontent.com/n3rddd/MARKET/main/APP/LUSTTV3.0.7.apk","version":"3.0.7 20240107","icon":"https://gh.isteed.cc/https://raw.githubusercontent.com/n3rddd/N3RD/master/JN/N3RD/W/COVER3.png"},
{"name":"雷蒙影视 LUST VER.","url":"https://gh.isteed.cc/https://raw.githubusercontent.com/n3rddd/MARKET/main/APP/LUSTTV3.0.5.apk","version":"3.0.5 20231225","icon":"https://gh.isteed.cc/https://raw.githubusercontent.com/n3rddd/N3RD/master/JN/N3RD/W/COVER3.png"},
{"name":"雷蒙影视 LUST VER.","url":"https://gh.isteed.cc/https://raw.githubusercontent.com/n3rddd/MARKET/main/APP/LUSTTV2.0.0.apk","version":"2.0.0 20230326","icon":"https://gh.isteed.cc/https://raw.githubusercontent.com/n3rddd/N3RD/master/JN/N3RD/W/COVER3.png"}
]
},

{"name":"雷蒙影视 电视直播",
"list":[
{"name":"雷蒙影视 LIVE VER.","url":"https://gh.isteed.cc/https://raw.githubusercontent.com/n3rddd/MARKET/main/APP/CRIMELIVE1.0.0.apk","version":"1.0.0 20240205","icon":"https://gh.isteed.cc/https://raw.githubusercontent.com/n3rddd/N3RD/master/JN/N3RD/W/COVER4.png"}
]
},

{"name":"雷蒙推荐",
"list":[
{"name":"我的电视","url":"https://gh.isteed.cc/https://raw.githubusercontent.com/n3rddd/MARKET/main/APP/my-tv-v1.6.7.apk","version":"安卓5以上专用版","icon":"https://gh.isteed.cc/https://raw.githubusercontent.com/lizongying/my-tv/main/app/src/main/res/drawable/logo.png"},
{"name":"我的电视","url":"https://gh.isteed.cc/https://raw.githubusercontent.com/n3rddd/MARKET/main/APP/my-tv-v1.7.2.apk","version":"通用版","icon":"https://gh.isteed.cc/https://raw.githubusercontent.com/lizongying/my-tv/main/app/src/main/res/drawable/logo.png"},
{"name":"FongMi影视","url":"https://gh.isteed.cc/https://raw.githubusercontent.com/FongMi/Release/main/apk/release/leanback-java-arm64_v8a.apk","version":"JAVA v8a","icon":"https://gh.isteed.cc/https://raw.githubusercontent.com/FongMi/TV/release/app/src/main/res/mipmap-hdpi/ic_launcher.png"},
{"name":"FongMi影视","url":"https://gh.isteed.cc/https://raw.githubusercontent.com/FongMi/Release/main/apk/release/leanback-java-armeabi_v7a.apk","version":"JAVA v7a","icon":"https://gh.isteed.cc/https://raw.githubusercontent.com/FongMi/TV/release/app/src/main/res/mipmap-hdpi/ic_launcher.png"},
{"name":"FongMi影视","url":"https://gh.isteed.cc/https://raw.githubusercontent.com/FongMi/Release/main/apk/release/leanback-python-arm64_v8a.apk","version":"PYTHON v8a","icon":"https://gh.isteed.cc/https://raw.githubusercontent.com/FongMi/TV/release/app/src/main/res/mipmap-hdpi/ic_launcher.png"},
{"name":"FongMi影视","url":"https://gh.isteed.cc/https://raw.githubusercontent.com/FongMi/Release/main/apk/release/leanback-python-armeabi_v7a.apk","version":"PYTHON v7a","icon":"https://gh.isteed.cc/https://raw.githubusercontent.com/FongMi/TV/release/app/src/main/res/mipmap-hdpi/ic_launcher.png"},
{"name":"FongMi影视","url":"https://gh.isteed.cc/https://raw.githubusercontent.com/FongMi/Release/main/apk/release/leanback.json","version":"4x","icon":"https://gh.isteed.cc/https://raw.githubusercontent.com/FongMi/TV/release/app/src/main/res/mipmap-hdpi/ic_launcher.png"}
]
},
  
{"name":"本地包【将复制的链接粘贴到配置地址】",
"list":[
{"name":"雷蒙影视0324","url":"https://gh.isteed.cc/https://raw.githubusercontent.com/n3rddd/MARKET/main/PAK/LEM0324.zip","version":"20230324","icon":"https://gh.isteed.cc/https://raw.githubusercontent.com/n3rddd/N3RD/master/JN/N3RD/W/P1.jpg","copy":"clan://localhost/Download/lem/lem.json"},
{"name":"雷蒙影视0205","url":"https://gh.isteed.cc/https://raw.githubusercontent.com/n3rddd/MARKET/main/PAK/LEM0205.zip","version":"20240205","icon":"https://gh.isteed.cc/https://raw.githubusercontent.com/n3rddd/N3RD/master/JN/N3RD/W/P1.jpg","copy":"clan://localhost/Download/lem/lem.json"},
{"name":"雷蒙影视0121","url":"https://gh.isteed.cc/https://raw.githubusercontent.com/n3rddd/MARKET/main/PAK/LEM0121.zip","version":"20240121","icon":"https://gh.isteed.cc/https://raw.githubusercontent.com/n3rddd/N3RD/master/JN/N3RD/W/P1.jpg","copy":"clan://localhost/Download/lem/lem.json"},
{"name":"雷蒙影视1211","url":"https://gh.isteed.cc/https://raw.githubusercontent.com/n3rddd/MARKET/main/PAK/LEM1211.zip","version":"20231211","icon":"https://gh.isteed.cc/https://raw.githubusercontent.com/n3rddd/N3RD/master/JN/N3RD/W/P1.jpg","copy":"clan://localhost/Download/lem/lem.json"},
{"name":"雷蒙影视1203","url":"https://gh.isteed.cc/https://raw.githubusercontent.com/n3rddd/MARKET/main/PAK/LEM1203.zip","version":"20231203","icon":"https://gh.isteed.cc/https://raw.githubusercontent.com/n3rddd/N3RD/master/JN/N3RD/W/P1.jpg","copy":"clan://localhost/Download/lem/lem.json"},

{"name":"PNDGRV0410","url":"https://gh.isteed.cc/https://raw.githubusercontent.com/n3rddd/MARKET/main/PAK/PG0410.zip","version":"20240410","icon":"https://gh.isteed.cc/https://raw.githubusercontent.com/n3rddd/N3RD/master/JN/N3RD/W/P9.jpg","copy":"clan://localhost/Download/PG/jsm.json"},
{"name":"PNDGRV0401","url":"https://gh.isteed.cc/https://raw.githubusercontent.com/n3rddd/MARKET/main/PAK/PG0401.zip","version":"20240401","icon":"https://gh.isteed.cc/https://raw.githubusercontent.com/n3rddd/N3RD/master/JN/N3RD/W/P9.jpg","copy":"clan://localhost/Download/PG/jsm.json"},
{"name":"PNDGRV0324","url":"https://gh.isteed.cc/https://raw.githubusercontent.com/n3rddd/MARKET/main/PAK/PG0324.zip","version":"20240324","icon":"https://gh.isteed.cc/https://raw.githubusercontent.com/n3rddd/N3RD/master/JN/N3RD/W/P9.jpg","copy":"clan://localhost/Download/PG/jsm.json"},
{"name":"PNDGRV0323","url":"https://gh.isteed.cc/https://raw.githubusercontent.com/n3rddd/MARKET/main/PAK/PG0323.zip","version":"20240323","icon":"https://gh.isteed.cc/https://raw.githubusercontent.com/n3rddd/N3RD/master/JN/N3RD/W/P9.jpg","copy":"clan://localhost/Download/PG/jsm.json"},
{"name":"PNDGRV0310","url":"https://gh.isteed.cc/https://raw.githubusercontent.com/n3rddd/MARKET/main/PAK/PG0310.zip","version":"20240310","icon":"https://gh.isteed.cc/https://raw.githubusercontent.com/n3rddd/N3RD/master/JN/N3RD/W/P9.jpg","copy":"clan://localhost/Download/PG/jsm.json"},

{"name":"WEX0326","url":"https://gh.isteed.cc/https://raw.githubusercontent.com/n3rddd/MARKET/main/PAK/WEX0326.zip","version":"20240326","icon":"https://gh.isteed.cc/https://raw.githubusercontent.com/n3rddd/N3RD/master/JN/N3RD/W/P2.jpg","copy":"clan://localhost/Download/wex/wex.json"},
{"name":"WEX0324","url":"https://gh.isteed.cc/https://raw.githubusercontent.com/n3rddd/MARKET/main/PAK/WEX0324.zip","version":"20240324","icon":"https://gh.isteed.cc/https://raw.githubusercontent.com/n3rddd/N3RD/master/JN/N3RD/W/P2.jpg","copy":"clan://localhost/Download/wex/wex.json"},

{"name":"WATSON0109","url":"https://gh.isteed.cc/https://raw.githubusercontent.com/n3rddd/MARKET/main/PAK/WATSON0109.zip","version":"20240109","icon":"https://gh.isteed.cc/https://raw.githubusercontent.com/n3rddd/N3RD/master/JN/N3RD/W/P10.jpg","copy":"clan://localhost/Download/JS/js.json"},
{"name":"WATSON1223","url":"https://gh.isteed.cc/https://raw.githubusercontent.com/n3rddd/MARKET/main/PAK/WATSON1223.zip","version":"20231223","icon":"https://gh.isteed.cc/https://raw.githubusercontent.com/n3rddd/N3RD/master/JN/N3RD/W/P10.jpg","copy":"clan://localhost/Download/JS/js.json"},
{"name":"WATSON1206","url":"https://gh.isteed.cc/https://raw.githubusercontent.com/n3rddd/MARKET/main/PAK/WATSON1206.zip","version":"20231206","icon":"https://gh.isteed.cc/https://raw.githubusercontent.com/n3rddd/N3RD/master/JN/N3RD/W/P10.jpg","copy":"clan://localhost/Download/JS/js.json"},
{"name":"WATSON1123","url":"https://gh.isteed.cc/https://raw.githubusercontent.com/n3rddd/MARKET/main/PAK/WATSON1123.zip","version":"20231123","icon":"https://gh.isteed.cc/https://raw.githubusercontent.com/n3rddd/N3RD/master/JN/N3RD/W/P10.jpg","copy":"clan://localhost/Download/JS/js.json"},
{"name":"WATSON1115","url":"https://gh.isteed.cc/https://raw.githubusercontent.com/n3rddd/MARKET/main/PAK/WATSON1115.zip","version":"20231115","icon":"https://gh.isteed.cc/https://raw.githubusercontent.com/n3rddd/N3RD/master/JN/N3RD/W/P10.jpg","copy":"clan://localhost/Download/JS/js.json"},

{"name":"香雅情1202","url":"https://gh.isteed.cc/https://raw.githubusercontent.com/n3rddd/MARKET/main/PAK/XYQ1202.zip","version":"20231202","icon":"https://gh.isteed.cc/https://raw.githubusercontent.com/n3rddd/N3RD/master/JN/N3RD/W/P8.jpg","copy":"clan://localhost/Download/XYQTVBox/XYQTVBox.json"},
{"name":"香雅情1129","url":"https://gh.isteed.cc/https://raw.githubusercontent.com/n3rddd/MARKET/main/PAK/XYQ1129.zip","version":"20231129","icon":"https://gh.isteed.cc/https://raw.githubusercontent.com/n3rddd/N3RD/master/JN/N3RD/W/P8.jpg","copy":"clan://localhost/Download/XYQTVBox/XYQTVBox.json"},
{"name":"香雅情1124","url":"https://gh.isteed.cc/https://raw.githubusercontent.com/n3rddd/MARKET/main/PAK/XYQ1124.zip","version":"20231124","icon":"https://gh.isteed.cc/https://raw.githubusercontent.com/n3rddd/N3RD/master/JN/N3RD/W/P8.jpg","copy":"clan://localhost/Download/XYQTVBox/XYQTVBox.json"}  
]
},

{"name":"v7a","list":[
{"name":"av1","url":"https://gh.isteed.cc/https://raw.githubusercontent.com/lem85930/RLS/main/so/armeabi-v7a/libgav1JNI.so","version":"EXO","icon":"https://gh.isteed.cc/https://raw.githubusercontent.com/n3rddd/N3RD/master/JN/N3RD/W/POSTER2.png"},
{"name":"荐片","url":"https://gh.isteed.cc/https://raw.githubusercontent.com/lem85930/RLS/main/so/armeabi-v7a/libjpa.so","icon":"https://gh.isteed.cc/https://raw.githubusercontent.com/n3rddd/N3RD/master/JN/N3RD/W/POSTER2.png"},
{"name":"磁力-1","url":"https://gh.isteed.cc/https://raw.githubusercontent.com/lem85930/RLS/main/so/armeabi-v7a/libxl_stat.so","icon":"https://gh.isteed.cc/https://raw.githubusercontent.com/n3rddd/N3RD/master/JN/N3RD/W/POSTER2.png"},
{"name":"磁力-2","url":"https://gh.isteed.cc/https://raw.githubusercontent.com/lem85930/RLS/main/so/armeabi-v7a/libxl_thunder_sdk.so","icon":"https://gh.isteed.cc/https://raw.githubusercontent.com/n3rddd/N3RD/master/JN/N3RD/W/POSTER2.png"},
{"name":"晴天","url":"https://gh.isteed.cc/https://raw.githubusercontent.com/lem85930/RLS/main/so/armeabi-v7a/libmitv.so","icon":"https://gh.isteed.cc/https://raw.githubusercontent.com/n3rddd/N3RD/master/JN/N3RD/W/POSTER2.png"},
{"name":"P2P","url":"https://gh.isteed.cc/https://raw.githubusercontent.com/lem85930/RLS/main/so/armeabi-v7a/libp2p.so","icon":"https://gh.isteed.cc/https://raw.githubusercontent.com/n3rddd/N3RD/master/JN/N3RD/W/POSTER2.png"},
{"name":"P3P","url":"https://gh.isteed.cc/https://raw.githubusercontent.com/lem85930/RLS/main/so/armeabi-v7a/libp3p.so","icon":"https://gh.isteed.cc/https://raw.githubusercontent.com/n3rddd/N3RD/master/JN/N3RD/W/POSTER2.png"},
{"name":"P4P","url":"https://gh.isteed.cc/https://raw.githubusercontent.com/lem85930/RLS/main/so/armeabi-v7a/libp4p.so","icon":"https://gh.isteed.cc/https://raw.githubusercontent.com/n3rddd/N3RD/master/JN/N3RD/W/POSTER2.png"},
{"name":"P5P","url":"https://gh.isteed.cc/https://raw.githubusercontent.com/lem85930/RLS/main/so/armeabi-v7a/libp5p.so","icon":"https://gh.isteed.cc/https://raw.githubusercontent.com/n3rddd/N3RD/master/JN/N3RD/W/POSTER2.png"},
{"name":"P6P","url":"https://gh.isteed.cc/https://raw.githubusercontent.com/lem85930/RLS/main/so/armeabi-v7a/libp6p.so","icon":"https://gh.isteed.cc/https://raw.githubusercontent.com/n3rddd/N3RD/master/JN/N3RD/W/POSTER2.png"},
{"name":"P7P","url":"https://gh.isteed.cc/https://raw.githubusercontent.com/lem85930/RLS/main/so/armeabi-v7a/libp7p.so","icon":"https://gh.isteed.cc/https://raw.githubusercontent.com/n3rddd/N3RD/master/JN/N3RD/W/POSTER2.png"},
{"name":"P8P","url":"https://gh.isteed.cc/https://raw.githubusercontent.com/lem85930/RLS/main/so/armeabi-v7a/libp8p.so","icon":"https://gh.isteed.cc/https://raw.githubusercontent.com/n3rddd/N3RD/master/JN/N3RD/W/POSTER2.png"},
{"name":"P9P","url":"https://gh.isteed.cc/https://raw.githubusercontent.com/lem85930/RLS/main/so/armeabi-v7a/libp9p.so","icon":"https://gh.isteed.cc/https://raw.githubusercontent.com/n3rddd/N3RD/master/JN/N3RD/W/POSTER2.png"}
]
},

{"name":"v8a","list":[
{"name":"av1","url":"https://gh.isteed.cc/https://raw.githubusercontent.com/lem85930/RLS/main/so/arm64-v8a/libgav1JNI.so","version":"EXO","icon":"https://gh.isteed.cc/https://raw.githubusercontent.com/n3rddd/N3RD/master/JN/N3RD/W/POSTER2.png"},
{"name":"荐片","url":"https://gh.isteed.cc/https://raw.githubusercontent.com/lem85930/RLS/main/so/arm64-v8a/libjpa.so","icon":"https://gh.isteed.cc/https://raw.githubusercontent.com/n3rddd/N3RD/master/JN/N3RD/W/POSTER2.png"},
{"name":"磁力-1","url":"https://gh.isteed.cc/https://raw.githubusercontent.com/lem85930/RLS/main/so/arm64-v8a/libxl_stat.so","icon":"https://gh.isteed.cc/https://raw.githubusercontent.com/n3rddd/N3RD/master/JN/N3RD/W/POSTER2.png"},
{"name":"磁力-2","url":"https://gh.isteed.cc/https://raw.githubusercontent.com/lem85930/RLS/main/so/arm64-v8a/libxl_thunder_sdk.so","icon":"https://gh.isteed.cc/https://raw.githubusercontent.com/n3rddd/N3RD/master/JN/N3RD/W/POSTER2.png"}
]
}

]
