{
  "spider": "./wex.jar",
  "wallpaper": "https://放牛.王二小放牛娃.xyz/img.php",
  "sites": [
    {
      "key": "Douban",
      "name": "🐮【王二小放牛娃温馨提醒:网络套路深，谨防割韭菜】🐮",
      "type": 3,
      "api": "csp_Douban",
      "searchable": 0,
      "quickSearch": 0,
      "filterable": 0
    },
    {
      "key": "Wexconfig",
      "name": "🐮配置┃中心🐮",
      "type": 3,
      "api": "csp_Wexconfig",
      "searchable": 0,
      "changeable": 0,
      "style": {
        "type": "rect",
        "ratio": 1.43
      }
    },
    {
      "key": "玩偶",
      "name": "🥷玩偶┃哥哥┃阿里",
      "type": 3,
      "api": "csp_Wogg",
      "searchable": 1,
      "changeable": 1
    },
    {
      "key": "Wexyingchao",
      "name": "🦜鸟巢┃资源┃阿里",
      "type": 3,
      "api": "csp_Wexyingchao",
      "searchable": 1,
      "changeable": 1
    },
    {
      "key": "賤賤",
      "name": "📓賤片┃盒子┃P2P",
      "type": 3,
      "api": "csp_WexJianpian",
      "searchable": 1,
      "changeable": 1
    },
    {
      "key": "Wexxiongdiys",
      "name": "👬基友┃影视┃App",
      "type": 3,
      "api": "csp_Wexxiongdiys",
      "searchable": 1,
      "changeable": 1
    },
    {
      "key": "南瓜",
      "name": "🎃瓜瓜┃TV┃App",
      "type": 3,
      "api": "csp_WexNgys",
      "searchable": 1,
      "changeable": 1
    },
    {
      "key": "Wexxpgtv",
      "name": "🍎红富士┃TV┃App",
      "type": 3,
      "api": "csp_Wexxpgtv",
      "searchable": 1,
      "changeable": 1
    },
    {
      "key": "Wexdiguatv",
      "name": "🍑桃子┃TV┃App",
      "type": 3,
      "api": "csp_Wexdiguatv",
      "searchable": 1,
      "changeable": 1
    },
    {
      "key": "Wexkukantv",
      "name": "😁看呗┃TV┃App",
      "type": 3,
      "api": "csp_Wexkukantv",
      "searchable": 1,
      "changeable": 1
    },
    {
      "key": "Tiantianys",
      "name": "🌤天天┃影视┃App",
      "type": 3,
      "api": "csp_WexTiantianys",
      "searchable": 1,
      "changeable": 1
    },
    {
      "key": "mingriyingshi",
      "name": "☀️明日┃影视┃App",
      "type": 3,
      "api": "csp_WexMingriys",
      "searchable": 1,
      "changeable": 1
    },
    {
      "key": "Fujutv",
      "name": "🍩腐剧┃TV┃App",
      "type": 3,
      "api": "csp_WexFujutv",
      "searchable": 1,
      "changeable": 1
    },
    {
      "key": "Kanmeiju",
      "name": "💯美剧┃TV┃App",
      "type": 3,
      "api": "csp_WexKanmeiju",
      "searchable": 1,
      "changeable": 1
    },
    {
      "key": "Fangniu4k",
      "name": "👎放牛┃TV┃App",
      "type": 3,
      "api": "csp_WexFangniu4k",
      "searchable": 1,
      "changeable": 1
    },
    {
      "key": "Kuyun77",
      "name": "7️⃣小七┃影视┃App",
      "type": 3,
      "api": "csp_WexKuyun77",
      "searchable": 1,
      "changeable": 1
    },
    {
      "key": "Shijuedy",
      "name": "👓看看┃影视┃直连",
      "type": 3,
      "api": "csp_WexShijuedy",
      "searchable": 1,
      "changeable": 1
    },
    {
      "key": "csp_Nmys",
      "name": "🎅‍伯伯┃影视┃直连",
      "type": 3,
      "api": "csp_WexNmys",
      "searchable": 1,
      "changeable": 1
    },
    {
      "key": "Wexbaipiao",
      "name": "💢白嫖┃影视┃直连",
      "type": 3,
      "api": "csp_Wexbaipiao",
      "searchable": 1,
      "changeable": 1
    },
    {
      "key": "哔嘀影视",
      "name": "🚨喇叭┃影视┃直连",
      "type": 3,
      "api": "csp_WexBDys",
      "searchable": 1,
      "changeable": 1
    },
    {
      "key": "Diduanys",
      "name": "🙈深渊┃影视┃直连",
      "type": 3,
      "api": "csp_WexDiduanys",
      "searchable": 1,
      "changeable": 1
    },
    {
      "key": "F4kvm",
      "name": "🦑纯享┃影视┃直连",
      "type": 3,
      "api": "csp_WexF4kvm",
      "searchable": 1,
      "changeable": 1
    },
    {
      "key": "Wexbttwo",
      "name": "🐸大鼻涕┃影视┃直连",
      "type": 3,
      "api": "csp_Wexbttwo",
      "searchable": 1,
      "changeable": 1
    },
    {
      "key": "Freeok",
      "name": "👌一般┃影视┃直连",
      "type": 3,
      "api": "csp_WexFreeok",
      "searchable": 1,
      "changeable": 0
    },
    {
      "key": "TVBYUNBO",
      "name": "🏙️香港┃云播┃直连",
      "type": 3,
      "api": "csp_Tvbyunv2",
      "searchable": 1,
      "changeable": 1
    },
    {
      "key": "Lingsanys",
      "name": "3️⃣第三┃影视┃直连",
      "type": 3,
      "api": "csp_Lingsanys",
      "searchable": 1,
      "changeable": 1
    },
    {
      "key": "Wexvipduanju",
      "name": "🌸短劇┃VIP┃直连",
      "type": 3,
      "api": "csp_Wexvipduanju",
      "searchable": 1,
      "changeable": 1
    },
    {
      "key": "音范丝",
      "name": "🪗音范丝┃电影┃P2P",
      "type": 3,
      "api": "csp_XPath",
      "searchable": 1,
      "quickSearch": 0,
      "changeable": 0,
      "ext": "./lib/fys.json"
    },
    {
      "key": "MP4电影",
      "name": "🛩️MP4┃电影┃P2P",
      "type": 3,
      "api": "csp_WexMp4dy",
      "searchable": 1,
      "changeable": 0
    },
    {
      "key": "新6V",
      "name": "🛩️新6V┃电影┃P2P",
      "type": 3,
      "api": "csp_WexXb6v",
      "searchable": 1,
      "changeable": 0
    },
    {
      "key": "Twobt",
      "name": "🛩️Twobt┃电影┃P2P",
      "type": 3,
      "api": "csp_WexTwobt",
      "searchable": 1,
      "changeable": 0
    },
    {
      "key": "Pandalivetv",
      "name": "😍韩国┃美女┃直播",
      "type": 3,
      "api": "csp_WexPandalivetv",
      "searchable": 0,
      "changeable": 0
    },
    {
      "key": "Yinyuetai",
      "name": "🎸音悦台┃音乐┃MV",
      "type": 3,
      "api": "csp_WexYinyuetai",
      "searchable": 1,
      "changeable": 0
    },
    {
      "key": "Iktv",
      "name": "🎤KTV┃音乐┃MV",
      "type": 3,
      "api": "csp_WexIktv",
      "searchable": 1,
      "changeable": 0
    },
    {
      "key": "Wexqingfengdj",
      "name": "🎼舞曲┃摇头┃DJ",
      "type": 3,
      "api": "csp_Wexqingfengdj",
      "searchable": 1,
      "changeable": 0
    },
    {
      "key": "Wexxsmp3",
      "name": "🎤随身┃相声┃MP3",
      "type": 3,
      "api": "csp_Wexxsmp3",
      "searchable": 1,
      "changeable": 0
    },
    {
      "key": "Wexpsmp3",
      "name": "🎤随身┃评书┃MP3",
      "type": 3,
      "api": "csp_Wexpsmp3",
      "searchable": 1,
      "changeable": 0
    },
    {
      "key": "看球",
      "name": "🌐88┃看球┃体育",
      "type": 3,
      "api": "csp_Kanqiu",
      "searchable": 1,
      "changeable": 0,
      "style": {
        "type": "list"
      }
    },
    {
      "key": "企鹅体育xp",
      "name": "🐧大鹅┃看球┃体育",
      "type": 3,
      "api": "csp_XPath",
      "style": {
        "type": "list"
      },
      "searchable": 0,
      "quickSearch": 0,
      "changeable": 0,
      "ext": "./lib/qie.json"
    },
    {
      "key": "drpy_js_奇珍异兽",
      "name": "🦄奇珍┃异兽┃直采",
      "type": 3,
      "api": "./lib/drpy2.min.js",
      "ext": "./lib/奇珍异兽.js"
    },
    {
      "key": "drpy_js_优酷",
      "name": "🌱酷酷┃的腾┃直采",
      "type": 3,
      "api": "./lib/drpy2.min.js",
      "ext": "./lib/优酷.js"
    },
    {
      "key": "drpy_js_腾云驾雾",
      "name": "☁️腾云┃驾雾┃直采",
      "type": 3,
      "api": "./lib/drpy2.min.js",
      "ext": "./lib/腾云驾雾.js"
    },
    {
      "key": "drpy_js_百忙无果",
      "name": "🍑百忙┃无果┃直采",
      "type": 3,
      "api": "./lib/drpy2.min.js",
      "ext": "./lib/百忙无果.js"
    },
    {
      "key": "櫻花",
      "name": "🤡櫻花┃动漫",
      "type": 3,
      "api": "csp_WexYing",
      "searchable": 1,
      "changeable": 1
    },
    {
      "key": "巴士",
      "name": "🤡巴士┃动漫",
      "type": 3,
      "api": "csp_WexDm84",
      "searchable": 1,
      "changeable": 1
    },
    {
      "key": "異界",
      "name": "🤡異界┃动漫",
      "type": 3,
      "api": "csp_WexYsj",
      "searchable": 1,
      "changeable": 1
    },
    {
      "key": "七夜",
      "name": "🎠七夜┃阿里┃搜",
      "type": 3,
      "api": "csp_Dovx",
      "searchable": 1,
      "changeable": 0
    },
    {
      "key": "易搜",
      "name": "🎠易搜┃阿里┃搜",
      "type": 3,
      "api": "csp_YiSo",
      "searchable": 1,
      "changeable": 0
    },
    {
      "key": "雲搜",
      "name": "🎠雲搜┃阿里┃搜",
      "type": 3,
      "api": "csp_UpYun",
      "searchable": 1,
      "changeable": 0
    },
    {
      "key": "盤搜",
      "name": "🎠盤搜┃阿里┃搜",
      "type": 3,
      "api": "csp_PanSou",
      "searchable": 1,
      "changeable": 0
    },
    {
      "key": "紙條搜",
      "name": "🎠紙條搜┃阿里┃搜",
      "type": 3,
      "api": "csp_XiaoZhiTiao",
      "searchable": 1,
      "changeable": 0
    },
    {
      "key": "盤搜索",
      "name": "🎠盤搜索┃阿里┃搜",
      "type": 3,
      "api": "csp_PanSearch",
      "searchable": 1,
      "changeable": 0
    },
    {
      "key": "找資源",
      "name": "🎠找資源┃阿里┃搜",
      "type": 3,
      "api": "csp_Zhaozy",
      "searchable": 1,
      "changeable": 0,
      "ext": "影視天下第一$$$test2$$$test2"
    },
    {
      "key": "Wexyingso",
      "name": "🎠影子┃阿里┃搜",
      "type": 3,
      "api": "csp_Wexyingso",
      "searchable": 1,
      "changeable": 0
    },
    {
      "key": "push_agent",
      "name": "推送",
      "type": 3,
      "api": "csp_Push",
      "searchable": 1,
      "changeable": 0
    }
  ],
  "parses": [
    {
      "name": "王",
      "type": 1,
      "url": "http://json.84jia.com/home/api?type=ys&uid=11154896&key=cefgiksvwyCGINV047&url="
    },
    {
      "name": "二",
      "type": 1,
      "url": "http://119.91.123.253:2345/Api/yun.php?url="
    },
    {
      "name": "小",
      "type": 1,
      "url": "http://122.228.84.103:7777/api/?key=qhBtN1ciPmdvPV83tX&url="
    },
    {
      "name": "帅",
      "type": 1,
      "url": "http://pan.qiaoji8.com/tvbox/neibu.php?url="
    }
  ],
  "doh": [
    {
      "name": "Google",
      "url": "https://dns.google/dns-query",
      "ips": [
        "8.8.4.4",
        "8.8.8.8"
      ]
    },
    {
      "name": "Cloudflare",
      "url": "https://cloudflare-dns.com/dns-query",
      "ips": [
        "1.1.1.1",
        "1.0.0.1",
        "2606:4700:4700::1111",
        "2606:4700:4700::1001"
      ]
    },
    {
      "name": "AdGuard",
      "url": "https://dns.adguard.com/dns-query",
      "ips": [
        "94.140.14.140",
        "94.140.14.141"
      ]
    },
    {
      "name": "DNSWatch",
      "url": "https://resolver2.dns.watch/dns-query",
      "ips": [
        "84.200.69.80",
        "84.200.70.40"
      ]
    },
    {
      "name": "Quad9",
      "url": "https://dns.quad9.net/dns-quer",
      "ips": [
        "9.9.9.9",
        "149.112.112.112"
      ]
    }
  ],
  "rules": [
    {
      "name": "proxy",
      "hosts": [
        "raw.githubusercontent.com",
        "googlevideo.com",
        "cdn.v82u1l.com",
        "cdn.iz8qkg.com",
        "cdn.kin6c1.com",
        "c.biggggg.com",
        "c.olddddd.com",
        "haiwaikan.com",
        "www.histar.tv",
        "youtube.com",
        "uhibo.com",
        ".*boku.*",
        ".*nivod.*",
        ".*ulivetv.*"
      ]
    },
    {
      "name": "海外看",
      "hosts": [
        "haiwaikan"
      ],
      "regex": [
        "10.0099",
        "10.3333",
        "16.0599",
        "8.1748",
        "12.33",
        "10.85"
      ]
    },
    {
      "name": "索尼",
      "hosts": [
        "suonizy"
      ],
      "regex": [
        "15.1666",
        "15.2666"
      ]
    },
    {
      "name": "暴風",
      "hosts": [
        "bfzy"
      ],
      "regex": [
        "#EXT-X-DISCONTINUITY\\r*\\n*#EXTINF:3,[\\s\\S]*?#EXT-X-DISCONTINUITY"
      ]
    },
    {
      "name": "星星",
      "hosts": [
        "aws.ulivetv.net"
      ],
      "regex": [
        "#EXT-X-DISCONTINUITY\\r*\\n*#EXTINF:8,[\\s\\S]*?#EXT-X-DISCONTINUITY"
      ]
    },
    {
      "name": "量子",
      "hosts": [
        "vip.lz",
        "hd.lz",
        "v.cdnlz"
      ],
      "regex": [
        "18.5333"
      ]
    },
    {
      "name": "非凡",
      "hosts": [
        "vip.ffzy",
        "hd.ffzy"
      ],
      "regex": [
        "25.0666",
        "25.08",
        "20.52"
      ]
    },
    {
      "name": "火山嗅探",
      "hosts": [
        "huoshan.com"
      ],
      "regex": [
        "item_id="
      ]
    },
    {
      "name": "抖音嗅探",
      "hosts": [
        "douyin.com"
      ],
      "regex": [
        "is_play_url="
      ]
    },
    {
      "name": "農民嗅探",
      "hosts": [
        "toutiaovod.com"
      ],
      "regex": [
        "video/tos/cn"
      ]
    },
    {
      "name": "七新嗅探",
      "hosts": [
        "api.52wyb.com"
      ],
      "regex": [
        "m3u8?pt=m3u8"
      ]
    },
    {
      "name": "夜市點擊",
      "hosts": [
        "yeslivetv.com"
      ],
      "script": [
        "document.getElementsByClassName('vjs-big-play-button')[0].click()"
      ]
    },
    {
      "name": "毛驢點擊",
      "hosts": [
        "www.maolvys.com"
      ],
      "script": [
        "document.getElementsByClassName('swal-buttonswal-button--confirm')[0].click()"
      ]
    }
  ],
  "ads": [
    "mozai.4gtv.tv",
    "pv.vipwm.cc"
  ],
  "lives": [
    {
      "name": "综合",
      "type": 0,
      "url": "./lib/live1213.txt",
      "playerType": 1,
      "ua": "okhttp/3.15",
      "epg": "http://epg.112114.xyz/?ch={name}&date={date}",
      "logo": "https://epg.112114.xyz/logo/{name}.png"
    },
    {
      "name": "IPV6",
      "type": 0,
      "url": "./lib/ipv6.m3u",
      "playerType": 1,
      "ua": "okhttp/3.15",
      "epg": "http://epg.112114.xyz/?ch={name}&date={date}",
      "logo": "https://epg.112114.xyz/logo/{name}.png"
    }
  ]
}