{
"免嗅":"1",
//"导演": "导演：&&</p",
//"主演": "主演：&&</p",
//"简介": "module-info-introduction-content&&</div>",
"播放标题":"span>&&<",
//"副标题":"class=\"module-item-note\">&&</div>",
"线路数组": "class=\"module-tab-item tab-item&&</div>",
"线路标题": "<span>&&</span>",
"播放数组":"class=\"module-play-list&&</div>",
"分类url":"https://cokemv.me/vodshow/{cateId}-{area}-{by}-{class}-{lang}----{catePg}---{year}.html"
}

/*
{"key": "csp_xBPQ_磁搜","name": "磁搜影视","type": 3,"api": "csp_xBPQ","searchable": 1,"quickSearch": 1,"filterable": 0,"ext": "{\"免嗅\":\"1\",\"导演\": \"导演：&&</p\",
\"主演\": \"主演：&&</p\",
\"简介\": \"module-info-introduction-content&&</div>\",\"播放标题\":\"span>&&<\",\"副标题\":\"class=\\\"module-item-note\\\">&&</div>\",\"线路数组\": \"class=\\\"module-tab-item tab-item&&</div>\",\"线路标题\": \"<span>&&</span>\",\"播放数组\":\"class=\\\"module-play-list&&</div>\",\"分类url\":\"https://cokemv.me/vodshow/{cateId}-{area}-{by}-{class}-{lang}----{catePg}---{year}.html\"}","jar":""},
*/
