[

{"name":"推荐",
"list":[
{"name":"雷蒙影视应用商店","url":"https://gh-proxy.com/https://raw.githubusercontent.com/n3rddd/N3RD/master/JN/N3RD/W/POSTER1.png","icon":"https://gh-proxy.com/https://raw.githubusercontent.com/n3rddd/N3RD/master/JN/N3RD/W/POSTER2.png"}
]
},

{"name":"雷蒙影视 标准版",
"list":[
{"name":"雷蒙影视 STD VER.","url":"https://gh-proxy.com/https://raw.githubusercontent.com/n3rddd/MARKET/main/APP/CRIMETV5.5.0.apk","icon":"https://gh-proxy.com/https://raw.githubusercontent.com/n3rddd/N3RD/master/JN/N3RD/W/COVER1.png","version":"5.5.0"}
]
},

{"name":"雷蒙影视 专业版",
"list":[
{"name":"雷蒙影视 PRO VER.","url":"https://gh-proxy.com/https://raw.githubusercontent.com/n3rddd/MARKET/main/APP/CRIMETVPRO3.0.0v7a.apk","icon":"https://gh-proxy.com/https://raw.githubusercontent.com/n3rddd/N3RD/master/JN/N3RD/W/COVER2.png","version":"3.0.0 32位"},
{"name":"雷蒙影视 PRO VER.","url":"https://gh-proxy.com/https://raw.githubusercontent.com/n3rddd/MARKET/main/APP/CRIMETVPRO3.0.0.apk","icon":"https://gh-proxy.com/https://raw.githubusercontent.com/n3rddd/N3RD/master/JN/N3RD/W/COVER2.png","version":"3.0.0 64位"}
]
},

{"name":"雷蒙影视 LUST版",
"list":[
{"name":"雷蒙影视 LUST VER.","url":"https://gh-proxy.com/https://raw.githubusercontent.com/n3rddd/MARKET/main/APP/LUSTTV2.0.0.apk","icon":"https://gh-proxy.com/https://raw.githubusercontent.com/n3rddd/N3RD/master/JN/N3RD/W/COVER3.png","version":"2.0.0"}
]
},
  
{"name":"本地包【将复制的链接粘贴到配置地址】",
"list":[
{"name":"雷蒙影视1110","url":"https://gh-proxy.com/https://raw.githubusercontent.com/n3rddd/MARKET/main/PAK/LEM1110.zip","icon":"https://gh-proxy.com/https://raw.githubusercontent.com/n3rddd/N3RD/master/JN/N3RD/W/POSTER1.png","version":"20231110","copy":"clan://localhost/Download/lem/lem.json"},
{"name":"雷蒙影视1102","url":"https://gh-proxy.com/https://raw.githubusercontent.com/n3rddd/MARKET/main/PAK/LEM1102.zip","icon":"https://gh-proxy.com/https://raw.githubusercontent.com/n3rddd/N3RD/master/JN/N3RD/W/POSTER1.png","version":"20231102","copy":"clan://localhost/Download/lem/lem.json"},
{"name":"雷蒙影视1101","url":"https://gh-proxy.com/https://raw.githubusercontent.com/n3rddd/MARKET/main/PAK/LEM1101.zip","icon":"https://gh-proxy.com/https://raw.githubusercontent.com/n3rddd/N3RD/master/JN/N3RD/W/POSTER1.png","version":"20231101","copy":"clan://localhost/Download/lem/lem.json"},

{"name":"香雅情1118","url":"https://gh-proxy.com/https://raw.githubusercontent.com/n3rddd/MARKET/main/PAK/XYQ1118.zip","icon":"https://gh-proxy.com/https://raw.githubusercontent.com/n3rddd/N3RD/master/JN/N3RD/W/POSTER2.png","version":"20231118","copy":"clan://localhost/Download/XYQTVBox/XYQTVBox.json"},
{"name":"香雅情1116","url":"https://gh-proxy.com/https://raw.githubusercontent.com/n3rddd/MARKET/main/PAK/XYQ1116.zip","icon":"https://gh-proxy.com/https://raw.githubusercontent.com/n3rddd/N3RD/master/JN/N3RD/W/POSTER2.png","version":"20231116","copy":"clan://localhost/Download/XYQTVBox/XYQTVBox.json"},
{"name":"香雅情1112","url":"https://gh-proxy.com/https://raw.githubusercontent.com/n3rddd/MARKET/main/PAK/XYQ1112.zip","icon":"https://gh-proxy.com/https://raw.githubusercontent.com/n3rddd/N3RD/master/JN/N3RD/W/POSTER2.png","version":"20231112","copy":"clan://localhost/Download/XYQTVBox/XYQTVBox.json"},

{"name":"WATSON1115","url":"https://gh-proxy.com/https://raw.githubusercontent.com/n3rddd/MARKET/main/PAK/WATSON1115.zip","icon":"https://gh-proxy.com/https://raw.githubusercontent.com/n3rddd/N3RD/master/JN/N3RD/W/POSTER2.png","version":"20231115","copy":"clan://localhost/Download/JS/js.json"},
{"name":"WATSON1027","url":"https://gh-proxy.com/https://raw.githubusercontent.com/n3rddd/MARKET/main/PAK/WATSON1027.zip","icon":"https://gh-proxy.com/https://raw.githubusercontent.com/n3rddd/N3RD/master/JN/N3RD/W/POSTER2.png","version":"20231027","copy":"clan://localhost/Download/JS/js.json"}
]
},

{"name":"v7a","list":[
{"name":"ffmpeg","url":"https://gh-proxy.com/https://raw.githubusercontent.com/FongMi/Release/main/so/armeabi-v7a/libffmpegJNI.so","icon":"https://gh-proxy.com/https://raw.githubusercontent.com/n3rddd/N3RD/master/JN/N3RD/W/POSTER2.png","version":"EXO"},
{"name":"av1","url":"https://gh-proxy.com/https://raw.githubusercontent.com/FongMi/Release/main/so/armeabi-v7a/libgav1JNI.so","icon":"https://gh-proxy.com/https://raw.githubusercontent.com/n3rddd/N3RD/master/JN/N3RD/W/POSTER2.png","version":"EXO"},
{"name":"ffmpeg","url":"https://gh-proxy.com/https://raw.githubusercontent.com/FongMi/Release/main/so/armeabi-v7a/libijkffmpeg.so","icon":"https://gh-proxy.com/https://raw.githubusercontent.com/n3rddd/N3RD/master/JN/N3RD/W/POSTER2.png","version":"IJK"},
{"name":"sdl","url":"https://gh-proxy.com/https://raw.githubusercontent.com/FongMi/Release/main/so/armeabi-v7a/libijksdl.so","icon":"https://gh-proxy.com/https://raw.githubusercontent.com/n3rddd/N3RD/master/JN/N3RD/W/POSTER2.png","version":"IJK"},
{"name":"player","url":"https://gh-proxy.com/https://raw.githubusercontent.com/FongMi/Release/main/so/armeabi-v7a/libplayer.so","icon":"https://gh-proxy.com/https://raw.githubusercontent.com/n3rddd/N3RD/master/JN/N3RD/W/POSTER2.png","version":"IJK"},
{"name":"荐片","url":"https://gh-proxy.com/https://raw.githubusercontent.com/FongMi/Release/main/so/armeabi-v7a/libjpa.so","icon":"https://gh-proxy.com/https://raw.githubusercontent.com/n3rddd/N3RD/master/JN/N3RD/W/POSTER2.png"},
{"name":"磁力-1","url":"https://gh-proxy.com/https://raw.githubusercontent.com/FongMi/Release/main/so/armeabi-v7a/libxl_stat.so","icon":"https://gh-proxy.com/https://raw.githubusercontent.com/n3rddd/N3RD/master/JN/N3RD/W/POSTER2.png"},
{"name":"磁力-2","url":"https://gh-proxy.com/https://raw.githubusercontent.com/FongMi/Release/main/so/armeabi-v7a/libxl_thunder_sdk.so","icon":"https://gh-proxy.com/https://raw.githubusercontent.com/n3rddd/N3RD/master/JN/N3RD/W/POSTER2.png"},
{"name":"晴天","url":"https://gh-proxy.com/https://raw.githubusercontent.com/FongMi/Release/main/so/armeabi-v7a/libmitv.so","icon":"https://gh-proxy.com/https://raw.githubusercontent.com/n3rddd/N3RD/master/JN/N3RD/W/POSTER2.png"},
{"name":"P2P","url":"https://gh-proxy.com/https://raw.githubusercontent.com/FongMi/Release/main/so/armeabi-v7a/libp2p.so","icon":"https://gh-proxy.com/https://raw.githubusercontent.com/n3rddd/N3RD/master/JN/N3RD/W/POSTER2.png"},
{"name":"P3P","url":"https://gh-proxy.com/https://raw.githubusercontent.com/FongMi/Release/main/so/armeabi-v7a/libp3p.so","icon":"https://gh-proxy.com/https://raw.githubusercontent.com/n3rddd/N3RD/master/JN/N3RD/W/POSTER2.png"},
{"name":"P4P","url":"https://gh-proxy.com/https://raw.githubusercontent.com/FongMi/Release/main/so/armeabi-v7a/libp4p.so","icon":"https://gh-proxy.com/https://raw.githubusercontent.com/n3rddd/N3RD/master/JN/N3RD/W/POSTER2.png"},
{"name":"P5P","url":"https://gh-proxy.com/https://raw.githubusercontent.com/FongMi/Release/main/so/armeabi-v7a/libp5p.so","icon":"https://gh-proxy.com/https://raw.githubusercontent.com/n3rddd/N3RD/master/JN/N3RD/W/POSTER2.png"},
{"name":"P6P","url":"https://gh-proxy.com/https://raw.githubusercontent.com/FongMi/Release/main/so/armeabi-v7a/libp6p.so","icon":"https://gh-proxy.com/https://raw.githubusercontent.com/n3rddd/N3RD/master/JN/N3RD/W/POSTER2.png"},
{"name":"P7P","url":"https://gh-proxy.com/https://raw.githubusercontent.com/FongMi/Release/main/so/armeabi-v7a/libp7p.so","icon":"https://gh-proxy.com/https://raw.githubusercontent.com/n3rddd/N3RD/master/JN/N3RD/W/POSTER2.png"},
{"name":"P8P","url":"https://gh-proxy.com/https://raw.githubusercontent.com/FongMi/Release/main/so/armeabi-v7a/libp8p.so","icon":"https://gh-proxy.com/https://raw.githubusercontent.com/n3rddd/N3RD/master/JN/N3RD/W/POSTER2.png"},
{"name":"P9P","url":"https://gh-proxy.com/https://raw.githubusercontent.com/FongMi/Release/main/so/armeabi-v7a/libp9p.so","icon":"https://gh-proxy.com/https://raw.githubusercontent.com/n3rddd/N3RD/master/JN/N3RD/W/POSTER2.png"}]},

{"name":"v8a","list":[
{"name":"ffmpeg","url":"https://gh-proxy.com/https://raw.githubusercontent.com/FongMi/Release/main/so/arm64-v8a/libffmpegJNI.so","icon":"https://gh-proxy.com/https://raw.githubusercontent.com/n3rddd/N3RD/master/JN/N3RD/W/POSTER2.png","version":"EXO"},
{"name":"av1","url":"https://gh-proxy.com/https://raw.githubusercontent.com/FongMi/Release/main/so/arm64-v8a/libgav1JNI.so","icon":"https://gh-proxy.com/https://raw.githubusercontent.com/n3rddd/N3RD/master/JN/N3RD/W/POSTER2.png","version":"EXO"},
{"name":"ffmpeg","url":"https://gh-proxy.com/https://raw.githubusercontent.com/FongMi/Release/main/so/arm64-v8a/libijkffmpeg.so","icon":"https://gh-proxy.com/https://raw.githubusercontent.com/n3rddd/N3RD/master/JN/N3RD/W/POSTER2.png","version":"IJK"},
{"name":"sdl","url":"https://gh-proxy.com/https://raw.githubusercontent.com/FongMi/Release/main/so/arm64-v8a/libijksdl.so","icon":"https://gh-proxy.com/https://raw.githubusercontent.com/n3rddd/N3RD/master/JN/N3RD/W/POSTER2.png","version":"IJK"},
{"name":"player","url":"https://gh-proxy.com/https://raw.githubusercontent.com/FongMi/Release/main/so/arm64-v8a/libplayer.so","icon":"https://gh-proxy.com/https://raw.githubusercontent.com/n3rddd/N3RD/master/JN/N3RD/W/POSTER2.png","version":"IJK"},
{"name":"荐片","url":"https://gh-proxy.com/https://raw.githubusercontent.com/FongMi/Release/main/so/arm64-v8a/libjpa.so","icon":"https://gh-proxy.com/https://raw.githubusercontent.com/n3rddd/N3RD/master/JN/N3RD/W/POSTER2.png"},
{"name":"磁力-1","url":"https://gh-proxy.com/https://raw.githubusercontent.com/FongMi/Release/main/so/arm64-v8a/libxl_stat.so","icon":"https://gh-proxy.com/https://raw.githubusercontent.com/n3rddd/N3RD/master/JN/N3RD/W/POSTER2.png"},
{"name":"磁力-2","url":"https://gh-proxy.com/https://raw.githubusercontent.com/FongMi/Release/main/so/arm64-v8a/libxl_thunder_sdk.so","icon":"https://gh-proxy.com/https://raw.githubusercontent.com/n3rddd/N3RD/master/JN/N3RD/W/POSTER2.png"}
]
}

]
