{
  "作者": "菜妮丝https://cainisi.cf",
  "站名": "万博剧院",
  "主页url": "https://www.wanbotv.com",
  
  "分类": "电影$WbMovie#电视剧$WbTv#动漫$WbCartoon#综艺$WbVariety#记录$Wbdocumentary",
  
  "分类url": "https://www.wanbotv.com/wbs/{cateId}{area}{by}{class}/page/catePg{year}.html",
  
  "数组": "<div class=\"module-item-pic&&</div>",
  "标题": "title=\"&&\"[替换:在线播放>>空]",
  
  "搜索模式": "1",
  "搜索url": "/wbso.html?wd={wd}",
  "搜索数组": "<div class=\"module-item-pic&&<h3>",
  "搜索图片": "data-src=\"&&\"",
  "搜索标题": "title=\"&&\"[替换:立刻播放>>空]",
  "搜索链接": "class=\"video-serial*href=\"&&\"",
  "搜索副标题": "class=\"video-serial*>&&<",
  
  "导演": "导演：&&</div>",
  "主演": "主演：&&</div>",
  "简介": "剧情：&&关于本剧更多信息请通过",
  
  "线路数组": "data-dropdown-value=&&</div>",
  "线路标题": "<span>&&</small>[替换:</span><small>>>👉]+集♥",
  
  "播放数组": " <div class=\"sort-item\"&&</div>",
  
  "筛选":{
"WbMovie":[
  {"key":"class","name":"剧情","value":[
  {"n":"全部","v":""},
  {"n":"喜剧","v":"/class/喜剧"},
  {"n":"爱情","v":"/class/爱情"},
  {"n":"恐怖","v":"/class/恐怖"},
  {"n":"动作","v":"/class/动作"},
  {"n":"科幻","v":"/class/科幻"},
  {"n":"剧情","v":"/class/剧情"},
  {"n":"战争","v":"/class/战争"},
  {"n":"犯罪","v":"/class/犯罪"},
  {"n":"动画","v":"/class/动画"},
  {"n":"奇幻","v":"/class/奇幻"},
  {"n":"冒险","v":"/class/冒险"},
  {"n":"恐怖","v":"/class/恐怖"},
  {"n":"悬疑","v":"/class/悬疑"},
  {"n":"惊悚","v":"/class/惊悚"},
  {"n":"历史","v":"/class/历史"},
  {"n":"运动","v":"/class/运动"}]},
  
  {"key":"area","name":"地区","value":[
  {"n":"全部","v":""},
  {"n":"大陆","v":"/area/大陆"},
  {"n":"香港","v":"/area/香港"},
  {"n":"台湾","v":"/area/台湾"},
  {"n":"美国","v":"/area/美国"},
  {"n":"法国","v":"/area/法国"},
  {"n":"英国","v":"/area/英国"},
  {"n":"日本","v":"/area/日本"},
  {"n":"韩国","v":"/area/韩国"},
  {"n":"德国","v":"/area/德国"},
  {"n":"泰国","v":"/area/泰国"},
  {"n":"印度","v":"/area/印度"},
  {"n":"意大利","v":"/area/意大利"},
  {"n":"西班牙","v":"/area/西班牙"},
  {"n":"加拿大","v":"/area/加拿大"},
  {"n":"其他","v":"/area/其他"}]},
  
  {"key":"year","name":"年份","value":[
  {"n":"全部","v":""},
  {"n":"2022","v":"/year/2022"},
  {"n":"2021","v":"/year/2021"},
  {"n":"2020","v":"/year/2020"},
  {"n":"2019","v":"/year/2019"},
  {"n":"2018","v":"/year/2018"},
  {"n":"2017","v":"/year/2017"},
  {"n":"2016","v":"/year/2016"},
  {"n":"2015","v":"/year/2015"},
  {"n":"2014","v":"/year/2014"},
  {"n":"2013","v":"/year/2013"},
  {"n":"2012","v":"/year/2012"},
  {"n":"2011","v":"/year/2011"},
  {"n":"2010","v":"/year/2010"},
  {"n":"2009","v":"/year/2009"},
  {"n":"2008","v":"/year/2008"},
  {"n":"2007","v":"/year/2007"},
  {"n":"2006","v":"/year/2006"},
  {"n":"2005","v":"/year/2005"},
  {"n":"2004","v":"/year/2004"},
  {"n":"2003","v":"/year/2003"},
  {"n":"2002","v":"/year/2002"},
  {"n":"2001","v":"/year/2001"},
  {"n":"2000","v":"/year/2000"}]},
  
  {"key":"by","name":"排序","value":[
  {"n":"时间","v":"/by/time"},
  {"n":"人气","v":"/by/hits"},
  {"n":"评分","v":"/by/score"}]}],
  
"WbTv":[
  {"key":"class","name":"剧情","value":[
  {"n":"全部","v":""},
  {"n":"古装","v":"/class/古装"},
  {"n":"战争","v":"/class/战争"},
  {"n":"青春偶像","v":"/class/青春偶像"},
  {"n":"喜剧","v":"/class/喜剧"},
  {"n":"家庭","v":"/class/家庭"},
  {"n":"犯罪","v":"/class/犯罪"},
  {"n":"动作","v":"/class/动作"},
  {"n":"奇幻","v":"/class/奇幻"},
  {"n":"剧情","v":"/class/剧情"},
  {"n":"历史","v":"/class/历史"},
  {"n":"经典","v":"/class/经典"},
  {"n":"乡村","v":"/class/乡村"},
  {"n":"情景","v":"/class/情景"},
  {"n":"商战","v":"/class/商战"},
  {"n":"网剧","v":"/class/网剧"},
  {"n":"其他","v":"/class/其他"}]},
  
  {"key":"area","name":"地区","value":[
  {"n":"全部","v":""},
  {"n":"大陆","v":"/area/大陆"},
  {"n":"韩国","v":"/area/韩国"},
  {"n":"香港","v":"/area/香港"},
  {"n":"台湾","v":"/area/台湾"},
  {"n":"日本","v":"/area/日本"},
  {"n":"美国","v":"/area/美国"},
  {"n":"泰国","v":"/area/泰国"},
  {"n":"英国","v":"/area/英国"},
  {"n":"新加坡","v":"/area/新加坡"},
  {"n":"其他","v":"/area/其他"}]},
  
  {"key":"year","name":"年份","value":[
  {"n":"全部","v":""},
  {"n":"2022","v":"/year/2022"},
  {"n":"2021","v":"/year/2021"},
  {"n":"2020","v":"/year/2020"},
  {"n":"2019","v":"/year/2019"},
  {"n":"2018","v":"/year/2018"},
  {"n":"2017","v":"/year/2017"},
  {"n":"2016","v":"/year/2016"},
  {"n":"2015","v":"/year/2015"},
  {"n":"2014","v":"/year/2014"},
  {"n":"2013","v":"/year/2013"},
  {"n":"2012","v":"/year/2012"},
  {"n":"2011","v":"/year/2011"},
  {"n":"2010","v":"/year/2010"},
  {"n":"2009","v":"/year/2009"},
  {"n":"2008","v":"/year/2008"},
  {"n":"2007","v":"/year/2007"},
  {"n":"2006","v":"/year/2006"},
  {"n":"2005","v":"/year/2005"},
  {"n":"2004","v":"/year/2004"}]},
  
  {"key":"by","name":"排序","value":[
  {"n":"时间","v":"/by/time"},
  {"n":"人气","v":"/by/hits"},
  {"n":"评分","v":"/by/score"}]}],
  
"WbCartoon":[
  {"key":"class","name":"剧情","value":[
  {"n":"全部","v":""},
  {"n":"情感","v":"/class/情感"},
  {"n":"科幻","v":"/class/科幻"},
  {"n":"热血","v":"/class/热血"},
  {"n":"推理","v":"/class/推理"},
  {"n":"搞笑","v":"/class/搞笑"},
  {"n":"冒险","v":"/class/冒险"},
  {"n":"萝莉","v":"/class/萝莉"},
  {"n":"校园","v":"/class/校园"},
  {"n":"动作","v":"/class/动作"},
  {"n":"机战","v":"/class/机战"},
  {"n":"运动","v":"/class/运动"},
  {"n":"战争","v":"/class/战争"},
  {"n":"少年","v":"/class/少年"},
  {"n":"少女","v":"/class/少女"},
  {"n":"社会","v":"/class/社会"},
  {"n":"原创","v":"/class/原创"},
  {"n":"亲子","v":"/class/亲子"},
  {"n":"益智","v":"/class/益智"},
  {"n":"励志","v":"/class/励志"},
  {"n":"其他","v":"/class/其他"}]},
  
  {"key":"area","name":"地区","value":[
  {"n":"全部","v":""},
  {"n":"大陆","v":"/area/大陆"},
  {"n":"日本","v":"/area/日本"},
  {"n":"欧美","v":"/area/欧美"},
  {"n":"其他","v":"/area/其他"}]},
  
  {"key":"year","name":"年份","value":[
  {"n":"全部","v":""},
  {"n":"2022","v":"/year/2022"},
  {"n":"2021","v":"/year/2021"},
  {"n":"2020","v":"/year/2020"},
  {"n":"2019","v":"/year/2019"},
  {"n":"2018","v":"/year/2018"},
  {"n":"2017","v":"/year/2017"},
  {"n":"2016","v":"/year/2016"},
  {"n":"2015","v":"/year/2015"},
  {"n":"2014","v":"/year/2014"},
  {"n":"2013","v":"/year/2013"},
  {"n":"2012","v":"/year/2012"},
  {"n":"2011","v":"/year/2011"},
  {"n":"2010","v":"/year/2010"}]},
  
  {"key":"by","name":"排序","value":[
  {"n":"时间","v":"/by/time"},
  {"n":"人气","v":"/by/hits"},
  {"n":"评分","v":"/by/score"}]}],
  
"WbVariety":[
  {"key":"class","name":"剧情","value":[
  {"n":"全部","v":""},
  {"n":"选秀","v":"/class/选秀"},
  {"n":"情感","v":"/class/情感"},
  {"n":"访谈","v":"/class/访谈"},
  {"n":"播报","v":"/class/播报"},
  {"n":"旅游","v":"/class/旅游"},
  {"n":"音乐","v":"/class/音乐"},
  {"n":"美食","v":"/class/美食"},
  {"n":"纪实","v":"/class/纪实"},
  {"n":"曲艺","v":"/class/曲艺"},
  {"n":"生活","v":"/class/生活"},
  {"n":"游戏互动","v":"/class/游戏互动"},
  {"n":"财经","v":"/class/财经"},
  {"n":"求职","v":"/class/求职"}]},
  
  {"key":"area","name":"地区","value":[
  {"n":"全部","v":""},
  {"n":"大陆","v":"/area/大陆"},
  {"n":"香港","v":"/area/香港"},
  {"n":"台湾","v":"/area/台湾"},
  {"n":"日本","v":"/area/日本"},
  {"n":"韩国","v":"/area/韩国"},
  {"n":"欧美","v":"/area/欧美"}]},
  
  {"key":"year","name":"年份","value":[
  {"n":"全部","v":""},
  {"n":"2022","v":"/year/2022"},
  {"n":"2021","v":"/year/2021"},
  {"n":"2020","v":"/year/2020"},
  {"n":"2019","v":"/year/2019"},
  {"n":"2018","v":"/year/2018"},
  {"n":"2017","v":"/year/2017"},
  {"n":"2016","v":"/year/2016"},
  {"n":"2015","v":"/year/2015"},
  {"n":"2014","v":"/year/2014"},
  {"n":"2013","v":"/year/2013"},
  {"n":"2012","v":"/year/2012"},
  {"n":"2011","v":"/year/2011"},
  {"n":"2010","v":"/year/2010"}]},
  
  {"key":"by","name":"排序","value":[
  {"n":"时间","v":"/by/time"},
  {"n":"人气","v":"/by/hits"},
  {"n":"评分","v":"/by/score"}]}],
  
"Wbdocumentary":[
  {"key":"class","name":"剧情","value":[
  {"n":"全部","v":""},
  {"n":"社会","v":"/class/社会"},
  {"n":"动物","v":"/class/动物"},
  {"n":"文化","v":"/class/文化"},
  {"n":"自然","v":"/class/自然"},
  {"n":"人文","v":"/class/人文"},
  {"n":"军事","v":"/class/军事"},
  {"n":"历史","v":"/class/历史"},
  {"n":"记录","v":"/class/记录"}]},
  
  {"key":"area","name":"地区","value":[
  {"n":"全部","v":""},
  {"n":"大陆","v":"/area/大陆"},
  {"n":"日本","v":"/area/日本"},
  {"n":"美国","v":"/area/美国"},
  {"n":"国外","v":"/area/国外"},
  {"n":"其他","v":"/area/其他"}]},
  
  {"key":"year","name":"年份","value":[
  {"n":"全部","v":""},
  {"n":"2022","v":"/year/2022"},
  {"n":"2021","v":"/year/2021"},
  {"n":"2020","v":"/year/2020"},
  {"n":"2019","v":"/year/2019"},
  {"n":"2018","v":"/year/2018"},
  {"n":"2017","v":"/year/2017"},
  {"n":"2016","v":"/year/2016"},
  {"n":"2015","v":"/year/2015"},
  {"n":"2014","v":"/year/2014"},
  {"n":"2013","v":"/year/2013"},
  {"n":"2012","v":"/year/2012"},
  {"n":"2011","v":"/year/2011"},
  {"n":"2010","v":"/year/2010"}]},
  
  {"key":"by","name":"排序","value":[
  {"n":"时间","v":"/by/time"},
  {"n":"人气","v":"/by/hits"},
  {"n":"评分","v":"/by/score"}]}]}
}