{
"免嗅":"1",
"播放标题":"span>&&<",
"导演": "导演：&&</div",
"主演": "主演：&&</div",
"简介": "show-desc&&</p>",
"分类":"数字||$124",
"副标题":"class=\"module-item-note\">&&</div>",
"线路数组": "class=\"module-tab-item tab-item&&</div>",
"线路标题": "<span>&&</span>",
"播放数组":"class=\"module-play-list-content&&</div>",
"分类url":"https://dsxys.com/vodshow/{cateId}-{area}-{by}-{class}-{lang}----{catePg}---{year}.html"
}



//{\"免嗅\":\"1\",\"播放标题\":\"span>&&<\",\"导演\": \"导演：&&</div\",\"主演\": \"主演：&&</div\",\"简介\": \"show-desc&&</p>\",\"分类\":\"数字||$124\",\"副标题\":\"class=\\\"module-item-note\\\">&&</div>\",\"线路数组\": \"class=\\\"module-tab-item tab-item&&</div>\",\"线路标题\": \"<span>&&</span>\",\"播放数组\":\"class=\\\"module-play-list-content&&</div>\",\"分类url\":\"https://dsxys.com/vodshow/{cateId}-{area}-{by}-{class}-{lang}----{catePg}---{year}.html\"}
