{"免嗅":"0",
"嗅探词": "m3u8?#ixigua#.czspp#.m3u8#mp4#.flv#.mp3#.m4a#.mp4#item/video#is_play_url=1",
"数组":"class=\"module-item\">&&class=\"module-item\">",
"副标题":"class=\"module-item-text\">&&</div>",
"播放数组":"<div class=\"scroll-content&&</div>",
"线路数组":"class=\"module-tab-item tab-item&&</div>",
"线路标题":"<span>&&</span>",
"简介": "class=\"video-info-item video-info-content vod_content\">&&</div>",
"分类":"电影$dianying#电视剧$lianxuju#综艺$zongyi#动漫$dongman",
"分类url":"https://www.xifanys.com/yingpianshow/{cateId}--------{catePg}---.html"}