{
  "name": "锐行加速",
  // 填网站链接
  //"url": "http://www.rxjiasu.com",
  "url": "https://www.cjtyy.top",
  // 这个不用动，是个别网站播放需要请求头时才用到
  "User": "空",
  // 首页展示
  "shouye": "1",
  
  "线路数组": "class=\"module-tab-item &&</div>",
  "线路标题": "<span>&&</small>",
  
  // 网站列表的分类                
  "fenlei": "电影$/index.php/vod/show/id/1/page/#电视剧$/index.php/vod/show/id/2/page/#综艺$/index.php/vod/show/id/39/page/#动漫$/index.php/vod/show/id/4/page/#国产剧$/index.php/vod/show/id/13/page/#欧美剧$/index.php/vod/show/id/16/page/#国漫$/index.php/vod/show/id/40/page/#日漫$/index.php/vod/show/id/29/page/#BliBli$/index.php/vod/show/id/42/page/",
   //"fenlei": "电影$/index.php/vod/show/id/1/page/#剧集$/index.php/vod/show/id/2/page/#综艺$/index.php/vod/show/id/39/page/#国漫$/index.php/vod/show/id/40/page/#日漫$/index.php/vod/show/id/29/page/#Bli国创$/index.php/vod/show/id/43/page/#Bli番剧$/index.php/vod/show/id/44/page/#国产剧$/index.php/vod/show/id/13/page/#港台剧$/index.php/vod/show/id/14/page/#日韩剧$/index.php/vod/show/id/15/page/#欧美剧$/index.php/vod/show/id/16/page/#动作$/index.php/vod/show/id/6/page/#喜剧$/index.php/vod/show/id/7/page/#爱情$/index.php/vod/show/id/8/page/#科幻$/index.php/vod/show/id/9/page/#恐怖$/index.php/vod/show/id/10/page/#剧情$/index.php/vod/show/id/11/page/#战争$/index.php/vod/show/id/12/page/#惊悚$/index.php/vod/show/id/20/page/#犯罪$/index.php/vod/show/id/21/page/#冒险$/index.php/vod/show/id/22/page/#悬疑$/index.php/vod/show/id/23/page/#动画$/index.php/vod/show/id/24/page/#武侠$/index.php/vod/show/id/25/page/#奇幻$/index.php/vod/show/id/26/page/#记录$/index.php/vod/show/id/27/page/",
  // 网站翻页链接的后缀
  "houzhui": ".html",
  // 截取的列表数组是否需要二次截取，0不需要，1需要
  "shifouercijiequ": "0",
  // 二次截取前
  "jiequqian": "空",
  // 二次截取后
  "jiequhou": "空",
  // 截取的列表数组的前关键词,截取的关键词有 " 的用 \ 进行转义
  "jiequshuzuqian": "class=\"module-item-pic",
  // 列表数组的后关键词
  "jiequshuzuhou": "</div>",
  // 列表中资源的图片前,后关键词,截取的关键词有 " 的用 \ 进行转义
  "tupianqian": "data-src=\"",
  "tupianhou": "\"",
  //列表中资源的标题前,后关键词,截取的关键词有 " 的用 \ 进行转义
  "biaotiqian": "title=\"",
  "biaotihou": "\"",
  // 列表中资源的详情页跳转链接前关键词,截取的关键词有 " 的用 \ 进行转义
  "lianjieqian": "href=\"",
  "lianjiehou": "\"",
  // 搜索部分基本不用动，现在网站基本都是苹果CMS，所有搜索是固定的。/vodsearch/-------------.html?wd=
  "sousuoqian": "/index.php/ajax/suggest?mid=1&wd=",
  "sousuohou": "&limit=500",
  // 搜索页影片跳转详情页的中间标识链接部分
  "sousuohouzhui": "/index.php/vod/detail/id/",
  "ssmoshi": "0",
  "sousuoshifouercijiequ": "0",
  "jspic": "pic",
  "jsname": "name",
  "jsid": "id",
  "ssjiequqian": "空",
  "ssjiequhou": "空",
  "ssjiequshuzuqian": "空",
  "ssjiequshuzuhou": "空",
  "sstupianqian": "空",
  "sstupianhou": "空",
  "ssbiaotiqian": "空",
  "ssbiaotihou": "空",
  "sslianjieqian": "空",
  "sslianjiehou": "空",
  "bfshifouercijiequ": "0",
  "bfjiequqian": "空",
  "bfjiequhou": "空",
  // 播放截取的列表数组的前,后关键词
  "bfjiequshuzuqian": "class=\"scroll-content",
  "bfjiequshuzuhou": "</div>",
  // 详情页状态,导演,主演,简介关键词
  "zhuangtaiqian": "更新：</span>",
  "zhuangtaihou": "</p>",
  "daoyanqian": "导演：</span>",
  "daoyanhou": "</p>",
  "zhuyanqian": "主演：</span>",
  "zhuyanhou": "</p>",
  "juqingqian": "简介：</span>",
  "juqinghou": "</a>",
  // 截取的播放列表数组是否需要二次截取，0不需要，1需要
  "bfyshifouercijiequ": "0",
  "bfyjiequqian": "空",
  "bfyjiequhou": "空",
  // 播放剧集数组前,后关键词
  "bfyjiequshuzuqian": "<a",
  "bfyjiequshuzuhou": "/a>",
  // 播放剧集标题前,后关键词
  "bfbiaotiqian": "<span>",
  "bfbiaotihou": "</span>",
  // 播放剧集链接前,后关键词
  "bflianjieqian": "href=\"",
  "bflianjiehou": "\""
}
