{"classes": [

{"type_name": "Lem原创赏析","type_id": "雷蒙Lem作品"},
{"type_name": "游戏","type_id": "游戏"},
{"type_name": "音乐","type_id": "音乐"},
{"type_name": "京晶专属 帕梅拉","type_id": "帕梅拉"},
{"type_name": "YU专属 Allblanc","type_id": "allblanc"},
{"type_name": "电影","type_id": "电影"},
{"type_name": "电视剧","type_id": "电视剧"},
{"type_name": "纪录片","type_id": "纪录片"},
{"type_name": "综艺","type_id": "综艺"},
{"type_name": "动画","type_id": "动画"},
{"type_name": "演唱会","type_id": "演唱会"}

],

//"cookie":"innersign=0; buvid3=2E536ADC-CD6D-46AB-A9FF-904395151EE369713infoc; b_nut=1669016569; i-wanna-go-back=-1; b_ut=7; _uuid=761F7F106-C575-884D-6C10A-92BC10A10D10FBC68934infoc; buvid4=5B25B999-AE15-E09A-A0CC-3661981B71BF70255-122112115-JOyWSaNZfI2kZmT1KYmcQA%3D%3D; fingerprint=6d9ef93c89a567d22b6a9c4104e6cc50; buvid_fp_plain=undefined; buvid_fp=6d9ef93c89a567d22b6a9c4104e6cc50; SESSDATA=2d6f63c8%2C1684568607%2C19eb6%2Ab1; bili_jct=21d538b01566c26afc81ff68c2ac7dca; DedeUserID=3493083203242585; DedeUserID__ckMd5=7b86f3894ed7f8c0; sid=ng0uyvaz; b_lsid=97FB69A2_1869DE8E2C5; bg_view_44176=720227",
"cookie":"buvid3=12A78977-8E04-8DA0-EACA-4280A2CBF70F26536infoc; buvid4=AC82CF17-BB02-2BA5-AEB2-880F381C8E3A15597-022020401-bEJsC6owQKOC964b3kF8aA%3D%3D; CURRENT_BLACKGAP=0; i-wanna-go-back=-1; is-2022-channel=1; b_nut=100; _uuid=C3D57961-F8CA-8BB3-EA87-1B545E435B81013328infoc; header_theme_version=CLOSE; nostalgia_conf=-1; rpdid=|(Y|)|Yukuu0J'uY~~|~|RmY; DedeUserID=3493112737433767; DedeUserID__ckMd5=b48704cc9d5767a2; CURRENT_QUALITY=80; b_ut=5; home_feed_column=5; fingerprint=6072d6d047af63027d42e7b07fdc0e14; buvid_fp_plain=undefined; buvid_fp=6072d6d047af63027d42e7b07fdc0e14; CURRENT_FNVAL=4048; PVID=1; bili_ticket=eyJhbGciOiJIUzI1NiIsImtpZCI6InMwMyIsInR5cCI6IkpXVCJ9.eyJleHAiOjE2OTQ5Mzg0NDcsImlhdCI6MTY5NDY3OTI0NywicGx0IjotMX0.4pXknUmFVkt4T5lhUgPiZxAIxj8CaFgqD4vs1urYGsc; bili_ticket_expires=1694938447; bp_video_offset_3493112737433767=840786607768338438; SESSDATA=201150bb%2C1710343875%2C5d0f8%2A92CjCaoO0XCzGMNCqoKNdl482capT2w_HJmAkY17cqR_Lb2pEoUeIp7izOs_6t5SYT9KYSVmdHVFFmZ3JWcGk2a2g2VXl0ODR2cGx1NTBaamJhS0MtdndIc2lCRk9lUmt5MlRvb1NrSDAwYkdJTjViYk9yWF84OFB2U1htOUhvNHBCN3djUzFpemNRIIEC; bili_jct=9b3f2f9bc0a54f5a1f719d49a9fe161e; sid=8669bqff; b_lsid=23C137D9_18A999741AE; bsource=search_baidu; browser_resolution=1920-398; innersign=0",

"filter": {

"游戏": [
{"key": "order","name": "排序","value": [
{"n": "综合排序","v": "0"},
{"n": "最多点击","v": "click"},
{"n": "最新发布","v": "pubdate"},
{"n": "最多弹幕","v": "dm"},
{"n": "最多收藏","v": "stow"}
]
},

{"key": "duration","name": "时长","value": [
{"n": "全部","v": "0"},
{"n": "60分钟以上","v": "4"},
{"n": "30~60分钟","v": "3"},
{"n": "10~30分钟","v": "2"},
{"n": "10分钟以下","v": "1"}
]
},
      
{"key": "tid","name": "分类","value": [
{"n": "全部","v": "游戏"},
{"n": "恐怖","v": "恐怖"},
{"n": "C菌","v": "C菌"},
{"n": "敖厂长","v": "敖厂长"},
{"n": "steam","v": "steam"},          
{"n": "新游","v": "新游"},
{"n": "热门游戏","v": "热门游戏"}
]
}

],

"音乐": [

{"key": "order","name": "排序","value": [
{"n": "综合排序","v": "0"},
{"n": "最多点击","v": "click"},
{"n": "最新发布","v": "pubdate"},
{"n": "最多弹幕","v": "dm"},
{"n": "最多收藏","v": "stow"}
]
},

{"key": "duration","name": "时长","value": [
{"n": "全部","v": "0"},
{"n": "60分钟以上","v": "4"},
{"n": "30~60分钟","v": "3"},
{"n": "10~30分钟","v": "2"},
{"n": "10分钟以下","v": "1"}
]
},

{"key": "tid","name": "分类","value": [
{"n": "全部","v": "音乐"},
{"n": "欧美MV","v": "欧美MV"},
{"n": "韩国MV","v": "韩国MV"},
{"n": "billboard","v": "billboard"},
{"n": "音乐排行榜","v": "音乐排行榜"},
{"n": "最新","v": "最新"},
{"n": "热门音乐","v": "热门音乐"}
]
}

],

"帕梅拉": [

{"key": "order","name": "排序","value": [
{"n": "综合排序","v": "0"},
{"n": "最多点击","v": "click"},
{"n": "最新发布","v": "pubdate"},
{"n": "最多弹幕","v": "dm"},
{"n": "最多收藏","v": "stow"}
]
},

{"key": "tid","name": "分类","value": [
{"n": "全部","v": "帕梅拉"},
{"n": "瘦腿","v": "帕梅拉瘦腿"},
{"n": "腹部","v": "帕梅拉腹部"},
{"n": "手臂","v": "帕梅拉手臂"},
{"n": "热身","v": "帕梅拉热身"},
{"n": "舞蹈","v": "帕梅拉舞蹈"},
{"n": "燃脂","v": "帕梅拉燃脂"},
{"n": "有氧","v": "帕梅拉有氧"},
{"n": "拉伸","v": "帕梅拉拉伸"}
]
},

{"key": "duration","name": "时长","value": [
{"n": "全部","v": "0"},
{"n": "60分钟以上","v": "4"},
{"n": "30~60分钟","v": "3"},
{"n": "10~30分钟","v": "2"},
{"n": "10分钟以下","v": "1"}
]
}

],

"allblanc": [

{"key": "order","name": "排序","value": [
{"n": "综合排序","v": "0"},
{"n": "最多点击","v": "click"},
{"n": "最新发布","v": "pubdate"},
{"n": "最多弹幕","v": "dm"},
{"n": "最多收藏","v": "stow"}
]
},

{"key": "duration","name": "时长","value": [
{"n": "全部","v": "0"},
{"n": "60分钟以上","v": "4"},
{"n": "30~60分钟","v": "3"},
{"n": "10~30分钟","v": "2"},
{"n": "10分钟以下","v": "1"}
]
}

],

"电影": [

{"key": "order","name": "排序","value": [
{"n": "综合排序","v": "0"},
{"n": "最多点击","v": "click"},
{"n": "最新发布","v": "pubdate"},
{"n": "最多弹幕","v": "dm"},
{"n": "最多收藏","v": "stow"}
]
},

{"key": "duration","name": "时长","value": [
{"n": "全部","v": "0"},
{"n": "60分钟以上","v": "4"},
{"n": "30~60分钟","v": "3"},
{"n": "10~30分钟","v": "2"},
{"n": "10分钟以下","v": "1"}
]
},

{"key": "tid","name": "分类","value": [
{"n": "全部","v": "电影"},
{"n": "喜剧电影","v": "喜剧电影"},
{"n": "恐怖电影","v": "恐怖电影"},
{"n": "科幻电影","v": "科幻电影"},
{"n": "动作电影","v": "动作电影"},
{"n": "惊悚电影","v": "惊悚电影"},
{"n": "悬疑电影","v": "悬疑电影"}
]
}

],
  
"电视剧": [

{"key": "order","name": "排序","value": [
{"n": "综合排序","v": "0"},
{"n": "最多点击","v": "click"},
{"n": "最新发布","v": "pubdate"},
{"n": "最多弹幕","v": "dm"},
{"n": "最多收藏","v": "stow"}
]
},

{"key": "duration","name": "时长","value": [
{"n": "全部","v": "0"},
{"n": "60分钟以上","v": "4"},
{"n": "30~60分钟","v": "3"},
{"n": "10~30分钟","v": "2"},
{"n": "10分钟以下","v": "1"}
]
},

{"key": "tid","name": "分类","value": [
{"n": "全部","v": "电视剧"},
{"n": "中国电视剧","v": "中国电视剧"},
{"n": "美国电视剧","v": "美国电视剧"}
]
}

],

"演唱会": [

{"key": "order","name": "排序","value": [
{"n": "综合排序","v": "0"},
{"n": "最多点击","v": "click"},
{"n": "最新发布","v": "pubdate"},
{"n": "最多弹幕","v": "dm"},
{"n": "最多收藏","v": "stow"}
]
},

{"key": "duration","name": "时长","value": [
{"n": "全部","v": "0"},
{"n": "60分钟以上","v": "4"},
{"n": "30~60分钟","v": "3"},
{"n": "10~30分钟","v": "2"},
{"n": "10分钟以下","v": "1"}
]
},

{"key": "tid","name": "分类","value": [
{"n": "全部","v": "演唱会"},
{"n": "Britney Spears","v": "Britney Spears"},          
{"n": "Beyonce","v": "Beyonce"},
{"n": "The Weeknd","v": "The Weeknd"},
{"n": "Bruno Mars","v": "Bruno Mars"},
{"n": "Michael Jackson","v": "Michael Jackson"},
{"n": "Taylor Swift","v": "Taylor Swift"},
{"n": "Adele","v": "Adele"},
{"n": "LadyGaga","v": "LadyGaga"},
{"n": "Justin Bieber","v": "Justin Bieber"}
]
}
]

}

}
