{  
  "分类url":"https://newfii.com/vodshow/{cateId}-{area}-{by}-{class}-{lang}----{catePg}---{year}.html",
  "分类": "电影$1#连续剧$2#动漫$3#综艺$4",
  "线路数组": "class=\"module-tab-item &&</div>",
  "线路标题": "<span>&&</small>",
  //"播放数组":"class=\"scroll-content\"&&</div>",
  //"播放标题":"span>&&<",
  
  "author": "20220625",
  "name": "奈落影院",
  "url": "https://newfii.com",
  "tihuan": "cnzz.com",
  "User": "空",
  "shouye": "1",
  
  //"fenlei": "电影$/vodshow/1--------#国产剧$/vodshow/13--------#日韩剧$/vodshow/15--------#欧美剧$/vodshow/16--------#港台剧$/vodshow/14--------#海外剧$/vodshow/21--------#记录片$/vodshow/27--------#童漫$/vodshow/24--------#动画片$/vodshow/20--------#国漫$/vodshow/22--------#日漫$/vodshow/25--------#欧漫$/vodshow/23--------#番剧(B站)$/vodshow/35--------#国创(B站)$/vodshow/36--------#综艺$/vodshow/4--------#科幻片$/vodshow/6--------#动作片$/vodshow/7--------#喜剧片$/vodshow/8--------#爱情片$/vodshow/9--------#恐怖片$/vodshow/10--------#剧情片$/vodshow/11--------#战争片$/vodshow/12--------",
  "houzhui": "---.html",
  
  "shifouercijiequ": "0",
  "jiequqian": "空",
  "jiequhou": "空",
  "jiequshuzuqian": "class=\"module-item-pic\"",
  "jiequshuzuhou": "alt=\"",
  "tupianqian": "data-src=\"",
  "tupianhou": "\"",
  "biaotiqian": "title=\"",
  "biaotihou": "\"",
  "lianjieqian": "href=\"",
  "lianjiehou": "\"",
  
  "sousuoqian": "/index.php/ajax/suggest?mid=1&wd=",
  "sousuohou": "&limit=500",
  "sousuohouzhui": "/voddetail/",
  "ssmoshi": "0",
  "sousuoshifouercijiequ": "0",
  "jspic": "pic",
  "jsname": "name",
  "jsid": "id",
  "ssjiequqian": "空",
  "ssjiequhou": "空",
  "ssjiequshuzuqian": "空",
  "ssjiequshuzuhou": "空",
  "sstupianqian": "空",
  "sstupianhou": "空",
  "ssbiaotiqian": "空",
  "ssbiaotihou": "空",
  "sslianjieqian": "空",
  "sslianjiehou": "空",
  
  "bfshifouercijiequ": "0",
  "bfjiequqian": "空",
  "bfjiequhou": "空",
  "bfjiequshuzuqian": "id=\"sort-item",
  "bfjiequshuzuhou": "</div>",
  
  "zhuangtaiqian": "集数：</span>",
  "zhuangtaihou": "</div>",
  "daoyanqian": "导演：</span>",
  "daoyanhou": "</div>",
  "zhuyanqian": "主演：</span>",
  "zhuyanhou": "</div>",
  "juqingqian": "display: none;\">",
  "juqinghou": "<span",
  
  "bfyshifouercijiequ": "0",
  "bfyjiequqian": "空",
  "bfyjiequhou": "空",
  "bfyjiequshuzuqian": "<a",
  "bfyjiequshuzuhou": "/a>",
  "bfbiaotiqian": "span>",
  "bfbiaotihou": "</span",
  "bflianjieqian": "href=\"",
  "bflianjiehou": "\"",
"筛选": {
"1":[
  {"key":"class","name":"剧情","value":[
  {"n":"全部","v":""},
  {"n":"喜剧","v":"喜剧"},
  {"n":"动作","v":"动作"},
  {"n":"科幻","v":"科幻"},
  {"n":"恐怖","v":"恐怖"},
  {"n":"犯罪","v":"犯罪"},
  {"n":"剧情","v":"剧情"},
  {"n":"冒险","v":"冒险"},
  {"n":"悬疑","v":"悬疑"},
  {"n":"爱情","v":"爱情"},
  {"n":"惊悚","v":"惊悚"},
  {"n":"战争","v":"战争"},
  {"n":"枪战","v":"枪战"},
  {"n":"灾难","v":"灾难"},
  {"n":"奇幻","v":"奇幻"},
  {"n":"警匪","v":"警匪"},
  {"n":"传记","v":"传记"},
  {"n":"运动","v":"运动"},
  {"n":"伦理","v":"伦理"},
  {"n":"魔幻","v":"魔幻"},
  {"n":"记录","v":"记录"},
  {"n":"华语","v":"华语"},
  {"n":"家庭","v":"家庭"},
  {"n":"武侠","v":"武侠"}]},
  
  {"key":"area","name":"地区","value":[
  {"n":"全部","v":""},
  {"n":"中国","v":"中国"},
  {"n":"内地","v":"内地"},
  {"n":"大陆","v":"大陆"},
  {"n":"美国","v":"美国"},
  {"n":"香港","v":"香港"},
  {"n":"韩国","v":"韩国"},
  {"n":"英国","v":"英国"},
  {"n":"台湾","v":"台湾"},
  {"n":"日本","v":"日本"},
  {"n":"法国","v":"法国"},
  {"n":"意大利","v":"意大利"},
  {"n":"德国","v":"德国"},
  {"n":"西班牙","v":"西班牙"},
  {"n":"泰国","v":"泰国"},
  {"n":"其它","v":"其它"}]},
  
  {"key":"year","name":"年份","value":[
  {"n":"全部","v":""},
  {"n":"2022","v":"2022"},
  {"n":"2021","v":"2021"},
  {"n":"2020","v":"2020"},
  {"n":"2019","v":"2019"},
  {"n":"2018","v":"2018"},
  {"n":"2017","v":"2017"},
  {"n":"2016","v":"2016"},
  {"n":"2015","v":"2015"},
  {"n":"2014","v":"2014"},
  {"n":"2013","v":"2013"},
  {"n":"2012","v":"2012"},
  {"n":"2011","v":"2011"},
  {"n":"2010","v":"2010"},
  {"n":"2009","v":"2009"},
  {"n":"2008","v":"2008"},
  {"n":"2006","v":"2006"},
  {"n":"2005","v":"2005"},
  {"n":"2004","v":"2004"}]},
  
  {"key":"by","name":"排序","value":[
  {"n":"时间","v":"time"},
  {"n":"人气","v":"hits"},
  {"n":"评分","v":"score"}]}],
  
"40":[
  {"key":"area","name":"地区","value":[
  {"n":"全部","v":""},
  {"n":"中国","v":"中国"},
  {"n":"内地","v":"内地"},
  {"n":"大陆","v":"大陆"},
  {"n":"美国","v":"美国"},
  {"n":"香港","v":"香港"},
  {"n":"韩国","v":"韩国"},
  {"n":"英国","v":"英国"},
  {"n":"台湾","v":"台湾"},
  {"n":"日本","v":"日本"},
  {"n":"法国","v":"法国"},
  {"n":"意大利","v":"意大利"},
  {"n":"德国","v":"德国"},
  {"n":"西班牙","v":"西班牙"},
  {"n":"泰国","v":"泰国"},
  {"n":"其它","v":"其它"}]},
  
  {"key":"year","name":"年份","value":[
  {"n":"全部","v":""},
  {"n":"2022","v":"2022"},
  {"n":"2021","v":"2021"},
  {"n":"2020","v":"2020"},
  {"n":"2019","v":"2019"},
  {"n":"2018","v":"2018"},
  {"n":"2017","v":"2017"},
  {"n":"2016","v":"2016"},
  {"n":"2015","v":"2015"},
  {"n":"2014","v":"2014"},
  {"n":"2013","v":"2013"},
  {"n":"2012","v":"2012"},
  {"n":"2011","v":"2011"},
  {"n":"2010","v":"2010"},
  {"n":"2009","v":"2009"},
  {"n":"2008","v":"2008"},
  {"n":"2006","v":"2006"},
  {"n":"2005","v":"2005"},
  {"n":"2004","v":"2004"}]},
  
  {"key":"by","name":"排序","value":[
  {"n":"时间","v":"time"},
  {"n":"人气","v":"hits"},
  {"n":"评分","v":"score"}]}],
  
"2":[
  {"key":"class","name":"剧情","value":[
  {"n":"全部","v":""},
  {"n":"青春","v":"青春"},
  {"n":"剧情","v":"剧情"},
  {"n":"爱情","v":"爱情"},
  {"n":"喜剧","v":"喜剧"},
  {"n":"偶像","v":"偶像"},
  {"n":"言情","v":"言情"},
  {"n":"警匪","v":"警匪"},
  {"n":"家庭","v":"家庭"},
  {"n":"搞笑","v":"搞笑"},
  {"n":"年代","v":"年代"},
  {"n":"科幻","v":"科幻"},
  {"n":"军事","v":"军事"},
  {"n":"悬疑","v":"悬疑"},
  {"n":"历史","v":"历史"},
  {"n":"农村","v":"农村"},
  {"n":"都市","v":"都市"},
  {"n":"神话","v":"神话"},
  {"n":"少儿","v":"少儿"},
  {"n":"谍战","v":"谍战"},
  {"n":"战争","v":"战争"},
  {"n":"犯罪","v":"犯罪"},
  {"n":"恐怖","v":"恐怖"},
  {"n":"惊悚","v":"惊悚"},
  {"n":"奇幻","v":"奇幻"},
  {"n":"古装","v":"古装"},
  {"n":"武侠","v":"武侠"}]},
  
  {"key":"area","name":"地区","value":[
  {"n":"全部","v":""},
  {"n":"中国","v":"中国"},
  {"n":"内地","v":"内地"},
  {"n":"大陆","v":"大陆"},
  {"n":"韩国","v":"韩国"},
  {"n":"香港","v":"香港"},
  {"n":"台湾","v":"台湾"},
  {"n":"日本","v":"日本"},
  {"n":"美国","v":"美国"},
  {"n":"泰国","v":"泰国"},
  {"n":"英国","v":"英国"},
  {"n":"新加坡","v":"新加坡"},
  {"n":"其他","v":"其他"},
  {"n":"香港地区","v":"香港地区"}]},
  
  {"key":"year","name":"年份","value":[
  {"n":"全部","v":""},
  {"n":"2022","v":"2022"},
  {"n":"2021","v":"2021"},
  {"n":"2020","v":"2020"},
  {"n":"2019","v":"2019"},
  {"n":"2018","v":"2018"},
  {"n":"2017","v":"2017"},
  {"n":"2016","v":"2016"},
  {"n":"2015","v":"2015"},
  {"n":"2014","v":"2014"},
  {"n":"2013","v":"2013"},
  {"n":"2012","v":"2012"},
  {"n":"2011","v":"2011"},
  {"n":"2010","v":"2010"},
  {"n":"2009","v":"2009"},
  {"n":"2008","v":"2008"},
  {"n":"2006","v":"2006"},
  {"n":"2005","v":"2005"},
  {"n":"2004","v":"2004"}]},
  
  {"key":"by","name":"排序","value":[
  {"n":"时间","v":"time"},
  {"n":"人气","v":"hits"},
  {"n":"评分","v":"score"}]}],
  
"4":[
  {"key":"class","name":"剧情","value":[
  {"n":"全部","v":""},
  {"n":"旅游","v":"旅游"},
  {"n":"搞笑","v":"搞笑"},
  {"n":"游戏","v":"游戏"},
  {"n":"歌舞","v":"歌舞"},
  {"n":"音乐","v":"音乐"},
  {"n":"职场","v":"职场"},
  {"n":"明星","v":"明星"},
  {"n":"真人秀","v":"真人秀"},
  {"n":"访谈","v":"访谈"},
  {"n":"情感","v":"情感"},
  {"n":"选秀","v":"选秀"},
  {"n":"美食","v":"美食"},
  {"n":"口秀","v":"口秀"},
  {"n":"曲艺","v":"曲艺"},
  {"n":"生活","v":"生活"},
  {"n":"时尚","v":"时尚"},
  {"n":"益智","v":"益智"},
  {"n":"少儿","v":"少儿"},
  {"n":"纪实","v":"纪实"},
  {"n":"盛会","v":"盛会"}]},
  
  {"key":"area","name":"地区","value":[
  {"n":"全部","v":""},
  {"n":"中国","v":"中国"},
  {"n":"内地","v":"内地"},
  {"n":"大陆","v":"大陆"},
  {"n":"韩国","v":"韩国"},
  {"n":"香港","v":"香港"},
  {"n":"台湾","v":"台湾"},
  {"n":"美国","v":"美国"},
  {"n":"其它","v":"其它"}]},
  
  {"key":"year","name":"年份","value":[
  {"n":"全部","v":""},
  {"n":"2022","v":"2022"},
  {"n":"2021","v":"2021"},
  {"n":"2020","v":"2020"},
  {"n":"2019","v":"2019"},
  {"n":"2018","v":"2018"},
  {"n":"2017","v":"2017"},
  {"n":"2016","v":"2016"},
  {"n":"2015","v":"2015"},
  {"n":"2014","v":"2014"},
  {"n":"2013","v":"2013"},
  {"n":"2012","v":"2012"},
  {"n":"2011","v":"2011"},
  {"n":"2010","v":"2010"},
  {"n":"2009","v":"2009"},
  {"n":"2008","v":"2008"},
  {"n":"2006","v":"2006"},
  {"n":"2005","v":"2005"},
  {"n":"2004","v":"2004"}]},
  
  {"key":"by","name":"排序","value":[
  {"n":"时间","v":"time"},
  {"n":"人气","v":"hits"},
  {"n":"评分","v":"score"}]}],
  
"3":[
  {"key":"class","name":"剧情","value":[
  {"n":"全部","v":""},
  {"n":"冒险","v":"冒险"},
  {"n":"科幻","v":"科幻"},
  {"n":"热血","v":"热血"},
  {"n":"校园","v":"校园"},
  {"n":"推理","v":"推理"},
  {"n":"搞笑","v":"搞笑"},
  {"n":"动作","v":"动作"},
  {"n":"机战","v":"机战"},
  {"n":"运动","v":"运动"},
  {"n":"战争","v":"战争"},
  {"n":"少年","v":"少年"},
  {"n":"少女","v":"少女"},
  {"n":"社会","v":"社会"},
  {"n":"原创","v":"原创"},
  {"n":"励志","v":"励志"},
  {"n":"其他","v":"其他"}]},
  
  {"key":"area","name":"地区","value":[
  {"n":"全部","v":""},
  {"n":"中国","v":"中国"},
  {"n":"内地","v":"内地"},
  {"n":"大陆","v":"大陆"},
  {"n":"日本","v":"日本"},
  {"n":"欧美","v":"欧美"},
  {"n":"其他","v":"其他"}]},
  
  {"key":"year","name":"年份","value":[
  {"n":"全部","v":""},
  {"n":"2022","v":"2022"},
  {"n":"2021","v":"2021"},
  {"n":"2020","v":"2020"},
  {"n":"2019","v":"2019"},
  {"n":"2018","v":"2018"},
  {"n":"2017","v":"2017"},
  {"n":"2016","v":"2016"},
  {"n":"2015","v":"2015"},
  {"n":"2014","v":"2014"},
  {"n":"2013","v":"2013"},
  {"n":"2012","v":"2012"},
  {"n":"2011","v":"2011"},
  {"n":"2010","v":"2010"},
  {"n":"2009","v":"2009"},
  {"n":"2008","v":"2008"},
  {"n":"2006","v":"2006"},
  {"n":"2005","v":"2005"},
  {"n":"2004","v":"2004"}]},
  
  {"key":"by","name":"排序","value":[
  {"n":"时间","v":"time"},
  {"n":"人气","v":"hits"},
  {"n":"评分","v":"score"}]}],
  
"35":[
  {"key":"area","name":"地区","value":[
  {"n":"全部","v":""},
  {"n":"中国","v":"中国"},
  {"n":"内地","v":"内地"},
  {"n":"大陆","v":"大陆"},
  {"n":"美国","v":"美国"},
  {"n":"香港","v":"香港"},
  {"n":"韩国","v":"韩国"},
  {"n":"英国","v":"英国"},
  {"n":"台湾","v":"台湾"},
  {"n":"日本","v":"日本"},
  {"n":"法国","v":"法国"},
  {"n":"意大利","v":"意大利"},
  {"n":"德国","v":"德国"},
  {"n":"西班牙","v":"西班牙"},
  {"n":"泰国","v":"泰国"},
  {"n":"其它","v":"其它"}]},
  
  {"key":"year","name":"年份","value":[
  {"n":"全部","v":""},
  {"n":"2022","v":"2022"},
  {"n":"2021","v":"2021"},
  {"n":"2020","v":"2020"},
  {"n":"2019","v":"2019"},
  {"n":"2018","v":"2018"},
  {"n":"2017","v":"2017"},
  {"n":"2016","v":"2016"},
  {"n":"2015","v":"2015"},
  {"n":"2014","v":"2014"},
  {"n":"2013","v":"2013"},
  {"n":"2012","v":"2012"},
  {"n":"2011","v":"2011"},
  {"n":"2010","v":"2010"}]},
  
  {"key":"by","name":"排序","value":[
  {"n":"时间","v":"time"},
  {"n":"人气","v":"hits"},
  {"n":"评分","v":"score"}]}]}
}
