[{
     "type_id": "EPGC1386744804340101",
     "type_name": "CCTV1"
 },{
     "type_id": "EPGC1386744804340102",
     "type_name": "CCTV2"
 },{
     "type_id": "EPGC1386744804340103",
     "type_name": "CCTV3"
 },{
     "type_id": "EPGC1386744804340104",
     "type_name": "CCTV4"
 },{
     "type_id": "EPGC1386744804340107",
     "type_name": "CCTV5"
 },{
     "type_id": "EPGC1468294755566101",
     "type_name": "CCTV5+"
 },{
     "type_id": "EPGC1386744804340108",
     "type_name": "CCTV6"
 },{
     "type_id": "EPGC1386744804340109",
     "type_name": "CCTV7"
 },{
     "type_id": "EPGC1386744804340110",
     "type_name": "CCTV8"
 },{
     "type_id": "EPGC1386744804340112",
     "type_name": "CCTV9"
 },{
     "type_id": "EPGC1386744804340113",
     "type_name": "CCTV10"
 },{
     "type_id": "EPGC1386744804340114",
     "type_name": "CCTV11"
 },{
     "type_id": "EPGC1386744804340115",
     "type_name": "CCTV12"
 },{
     "type_id": "EPGC1386744804340116",
     "type_name": "CCTV13"
 },{
     "type_id": "EPGC1386744804340117",
     "type_name": "CCTV14"
 },{
     "type_id": "EPGC1386744804340118",
     "type_name": "CCTV15"
 },{
     "type_id": "EPGC1634630207058998",
     "type_name": "CCTV16"
 },{
     "type_id": "EPGC1563932742616872",
     "type_name": "CCTV17"
 }]