{
    "ua": "",
    "homeUrl": "https://www.freeok.vip",
    "dcVipFlag": "true",
    "pCfgJs": "https://www.freeok.vip//static/js/playerconfig.js",
    "pCfgJsR": "[\\W|\\S|.]*?MacPlayerConfig.player_list[\\W|\\S|.]*?=([\\W|\\S|.]*?),MacPlayerConfig.downer_list",
    "dcShow2Vip": {},
    "dcPlayUrl": "true",
    "cateManual": {"电影":"1","连续剧": "2","综艺": "4", "动漫": "3", "少儿": "5"},
    "cateUrl": "https://www.freeok.vip/vodshow/{cateId}--------{catePg}---.html",
    "cateVodNode": "//a[@class='module-poster-item module-item']",
    "cateVodName": "/@title",
    "cateVodId": "/@href",
    "cateVodIdR": "/voddetail/(\\w+).html",
    "cateVodImg": "//div[@class='module-item-pic']/img/@data-original",
    "cateVodImgR": "",
    "cateVodMark": "//div[@class='module-item-note']/text()",
    "dtUrl": "https://www.freeok.vip/voddetail/{vid}.html",
    "dtNode": "//body",
    "dtName": "//div[@class='module-info-heading']/h1/text()",
    "dtNameR": "",
    "dtImg": "//div[@class='module-item-pic']/img[contains(@class,'ls-is-cached')]/@data-original",
    "dtImgR": "",
    "dtCate": "//div[@class='module-info-tag-link'][3]/a/text()",
    "dtCateR": "",
    "dtYear": "//div[@class='module-info-tag-link'][1]/a/text()",
    "dtYearR": "",
    "dtArea": "//div[@class='module-info-tag-link'][2]/a/text()",
    "dtAreaR": "",
    "dtDirector": "//span[contains(text(), '导演')]/following-sibling::div/a/text()",
    "dtDirectorR": "",
    "dtActor": "//span[contains(text(), '主演')]/following-sibling::div/a/text()",
    "dtActorR": "",
    "dtDesc": "//div[@class='module-info-introduction-content']/p/text()",
    "dtDescR": "",
    "dtFromNode": "//div[@id='y-playList']/div/span",
    "dtFromName": "/text()",
    "dtFromNameR": "",
    "dtUrlNode": "//div[contains(@class,'module-play-list-content')]",
    "dtUrlSubNode": "/a",
    "dtUrlId": "@href",
    "dtUrlIdR": "/vodplay/(\\S+).html",
    "dtUrlName": "/span/text()",
    "dtUrlNameR": "",
    "playUrl": "https://www.freeok.vip//vodplay/{playUrl}.html",
    "playUa": "",
    "searchUrl": "",
    "scVodNode": "",
    "scVodName": "",
    "scVodId": "",
    "scVodIdR": "",
    "scVodImg": "",
    "scVodMark": ""
}