{
  "classes": [
    {
      "type_name": "斗鱼",
      "type_id": "douyu"
    },
    {
      "type_name": "虎牙",
      "type_id": "huya"
    }
  ],
  "filter": {
    "douyu": [
      {
        "key": "斗鱼",
        "name": "斗鱼",
        "value": [
          {
            "n": "一起看",
            "v": "208"
          },
          {
            "n": "热门游戏",
            "v": "270"
          },
          {
            "n": "主机游戏",
            "v": "19"
          }
        ]
      }
    ],
    "huya": [
      {
        "key": "虎牙",
        "name": "虎牙",
        "value": [
          {
            "n": "音乐",
            "v": "3793"
          },
          {
            "n": "一起看",
            "v": "2135"
          },
          {
            "n": "三国杀",
            "v": "1669"
          }
        ]
      }
    ]
  }
}