{
"站名": "300影视",
"主页url": "https://www.300kan.top",
//"请求头": "",
"免嗅":"0",
"分类url":"https://www.300kan.top/vodshow/{cateId}--------{catePg}---.html",
"分类": "电视剧$39#电影$38#动漫$40#综艺$41",
"数组": "class=\"module-item&&</div>",
//"标题": "alt=\"&&\"",
"副标题":"class=\"module-item-text\">&&</div>",
"状态":"<div class=\"video-info-main&&</div>",
//"导演": "导演：&&</div",
//"主演": "主演：&&</div",
"简介": "class=\"video-info-item video-info-content vod_content\">&&</div>",
"线路数组": "class=\"module-tab-item tab-item&&</div>",
"线路标题": "<span>&&</span>",
"播放数组":"class=\"scroll-content&&</div>",
//"播放标题":"<span>&&<span",
//"播放请求头": "",
"搜索url": "https://www.300kan.top/vodsearch/-------------.html?wd={wd}",
"搜索模式": "1",
"搜索数组": "class=\"video-serial&&</a>",
//"搜索图片":"data-src=\"&&\"",
//"搜索标题":"title=\"&&\"",
//"搜索链接":"href=\"&&\"",
//"搜索链接前缀":"/voddetail/",
"嗅探词":".m3u8#.mp4#.flv#.m4a#.avi#.mkv#.mov#.3gp#.asf#.rm#.rmvb#.wmv#.mpg#.mpeg#.mpe#.ts#.vob#.mp3#.wma",
"年份":"2004-2022",
"排序":"时间$id#人气$hits",
"筛选":"1"
}
