{"classes": [

{"type_name": "Lem原创赏析","type_id": "雷蒙Lem作品"},
{"type_name": "游戏","type_id": "游戏"},
{"type_name": "音乐","type_id": "音乐"},
{"type_name": "京晶专属 帕梅拉","type_id": "帕梅拉"},
{"type_name": "YU专属 Allblanc","type_id": "allblanc"},
{"type_name": "电影","type_id": "电影"},
{"type_name": "电视剧","type_id": "电视剧"},
{"type_name": "纪录片","type_id": "纪录片"},
{"type_name": "综艺","type_id": "综艺"},
{"type_name": "动画","type_id": "动画"},
{"type_name": "演唱会","type_id": "演唱会"}

],

//"cookie":"innersign=0; buvid3=2E536ADC-CD6D-46AB-A9FF-904395151EE369713infoc; b_nut=1669016569; i-wanna-go-back=-1; b_ut=7; _uuid=761F7F106-C575-884D-6C10A-92BC10A10D10FBC68934infoc; buvid4=5B25B999-AE15-E09A-A0CC-3661981B71BF70255-122112115-JOyWSaNZfI2kZmT1KYmcQA%3D%3D; fingerprint=6d9ef93c89a567d22b6a9c4104e6cc50; buvid_fp_plain=undefined; buvid_fp=6d9ef93c89a567d22b6a9c4104e6cc50; SESSDATA=2d6f63c8%2C1684568607%2C19eb6%2Ab1; bili_jct=21d538b01566c26afc81ff68c2ac7dca; DedeUserID=3493083203242585; DedeUserID__ckMd5=7b86f3894ed7f8c0; sid=ng0uyvaz; b_lsid=97FB69A2_1869DE8E2C5; bg_view_44176=720227",
"cookie":"SESSDATA=01c79709%2C1711618905%2C244c3%2A91CjA9UUnRb_kJg03J5FqUbin76yMY90o1-ckJsM1ItQH21ns4hgcS6Le6oMR3SKtC18QSVmxSbGRhN3cyS3NReERsOHRfYVlhTWJKZjZyTF9wUWJXbjNfaF9qWklFMFpoeVg1ZUhFb0Q0MGFiN3FYd1N3UEFEY1oxX29IdmFSRVVLamcybGhhSkJnIIEC; bili_jct=e9d6e9df733afde2a03693d63a4e77dc; DedeUserID=186957646; DedeUserID__ckMd5=4f717c8832ee1e62; sid=elhiqom1",

"filter": {

"游戏": [
{"key": "order","name": "排序","value": [
{"n": "综合排序","v": "0"},
{"n": "最多点击","v": "click"},
{"n": "最新发布","v": "pubdate"},
{"n": "最多弹幕","v": "dm"},
{"n": "最多收藏","v": "stow"}
]
},

{"key": "duration","name": "时长","value": [
{"n": "全部","v": "0"},
{"n": "60分钟以上","v": "4"},
{"n": "30~60分钟","v": "3"},
{"n": "10~30分钟","v": "2"},
{"n": "10分钟以下","v": "1"}
]
},
      
{"key": "tid","name": "分类","value": [
{"n": "全部","v": "游戏"},
{"n": "恐怖","v": "恐怖"},
{"n": "C菌","v": "C菌"},
{"n": "敖厂长","v": "敖厂长"},
{"n": "steam","v": "steam"},          
{"n": "新游","v": "新游"},
{"n": "热门游戏","v": "热门游戏"}
]
}

],

"音乐": [

{"key": "order","name": "排序","value": [
{"n": "综合排序","v": "0"},
{"n": "最多点击","v": "click"},
{"n": "最新发布","v": "pubdate"},
{"n": "最多弹幕","v": "dm"},
{"n": "最多收藏","v": "stow"}
]
},

{"key": "duration","name": "时长","value": [
{"n": "全部","v": "0"},
{"n": "60分钟以上","v": "4"},
{"n": "30~60分钟","v": "3"},
{"n": "10~30分钟","v": "2"},
{"n": "10分钟以下","v": "1"}
]
},

{"key": "tid","name": "分类","value": [
{"n": "全部","v": "音乐"},
{"n": "欧美MV","v": "欧美MV"},
{"n": "韩国MV","v": "韩国MV"},
{"n": "billboard","v": "billboard"},
{"n": "音乐排行榜","v": "音乐排行榜"},
{"n": "最新","v": "最新"},
{"n": "热门音乐","v": "热门音乐"}
]
}

],

"帕梅拉": [

{"key": "order","name": "排序","value": [
{"n": "综合排序","v": "0"},
{"n": "最多点击","v": "click"},
{"n": "最新发布","v": "pubdate"},
{"n": "最多弹幕","v": "dm"},
{"n": "最多收藏","v": "stow"}
]
},

{"key": "tid","name": "分类","value": [
{"n": "全部","v": "帕梅拉"},
{"n": "瘦腿","v": "帕梅拉瘦腿"},
{"n": "腹部","v": "帕梅拉腹部"},
{"n": "手臂","v": "帕梅拉手臂"},
{"n": "热身","v": "帕梅拉热身"},
{"n": "舞蹈","v": "帕梅拉舞蹈"},
{"n": "燃脂","v": "帕梅拉燃脂"},
{"n": "有氧","v": "帕梅拉有氧"},
{"n": "拉伸","v": "帕梅拉拉伸"}
]
},

{"key": "duration","name": "时长","value": [
{"n": "全部","v": "0"},
{"n": "60分钟以上","v": "4"},
{"n": "30~60分钟","v": "3"},
{"n": "10~30分钟","v": "2"},
{"n": "10分钟以下","v": "1"}
]
}

],

"allblanc": [

{"key": "order","name": "排序","value": [
{"n": "综合排序","v": "0"},
{"n": "最多点击","v": "click"},
{"n": "最新发布","v": "pubdate"},
{"n": "最多弹幕","v": "dm"},
{"n": "最多收藏","v": "stow"}
]
},

{"key": "duration","name": "时长","value": [
{"n": "全部","v": "0"},
{"n": "60分钟以上","v": "4"},
{"n": "30~60分钟","v": "3"},
{"n": "10~30分钟","v": "2"},
{"n": "10分钟以下","v": "1"}
]
}

],

"电影": [

{"key": "order","name": "排序","value": [
{"n": "综合排序","v": "0"},
{"n": "最多点击","v": "click"},
{"n": "最新发布","v": "pubdate"},
{"n": "最多弹幕","v": "dm"},
{"n": "最多收藏","v": "stow"}
]
},

{"key": "duration","name": "时长","value": [
{"n": "全部","v": "0"},
{"n": "60分钟以上","v": "4"},
{"n": "30~60分钟","v": "3"},
{"n": "10~30分钟","v": "2"},
{"n": "10分钟以下","v": "1"}
]
},

{"key": "tid","name": "分类","value": [
{"n": "全部","v": "电影"},
{"n": "喜剧电影","v": "喜剧电影"},
{"n": "恐怖电影","v": "恐怖电影"},
{"n": "科幻电影","v": "科幻电影"},
{"n": "动作电影","v": "动作电影"},
{"n": "惊悚电影","v": "惊悚电影"},
{"n": "悬疑电影","v": "悬疑电影"}
]
}

],
  
"电视剧": [

{"key": "order","name": "排序","value": [
{"n": "综合排序","v": "0"},
{"n": "最多点击","v": "click"},
{"n": "最新发布","v": "pubdate"},
{"n": "最多弹幕","v": "dm"},
{"n": "最多收藏","v": "stow"}
]
},

{"key": "duration","name": "时长","value": [
{"n": "全部","v": "0"},
{"n": "60分钟以上","v": "4"},
{"n": "30~60分钟","v": "3"},
{"n": "10~30分钟","v": "2"},
{"n": "10分钟以下","v": "1"}
]
},

{"key": "tid","name": "分类","value": [
{"n": "全部","v": "电视剧"},
{"n": "中国电视剧","v": "中国电视剧"},
{"n": "美国电视剧","v": "美国电视剧"}
]
}

],

"演唱会": [

{"key": "order","name": "排序","value": [
{"n": "综合排序","v": "0"},
{"n": "最多点击","v": "click"},
{"n": "最新发布","v": "pubdate"},
{"n": "最多弹幕","v": "dm"},
{"n": "最多收藏","v": "stow"}
]
},

{"key": "duration","name": "时长","value": [
{"n": "全部","v": "0"},
{"n": "60分钟以上","v": "4"},
{"n": "30~60分钟","v": "3"},
{"n": "10~30分钟","v": "2"},
{"n": "10分钟以下","v": "1"}
]
},

{"key": "tid","name": "分类","value": [
{"n": "全部","v": "演唱会"},
{"n": "Britney Spears","v": "Britney Spears"},          
{"n": "Beyonce","v": "Beyonce"},
{"n": "The Weeknd","v": "The Weeknd"},
{"n": "Bruno Mars","v": "Bruno Mars"},
{"n": "Michael Jackson","v": "Michael Jackson"},
{"n": "Taylor Swift","v": "Taylor Swift"},
{"n": "Adele","v": "Adele"},
{"n": "LadyGaga","v": "LadyGaga"},
{"n": "Justin Bieber","v": "Justin Bieber"}
]
}
]

}

}
