{
//"免嗅":"0",
//"副标题":"class=\"pic-text text-center\">&&</span>",
//"导演": "导演：&&</p",
//"主演": "主演：&&</p",
//"播放标题":">&&",
"线路数组": "playlist-mobile playlist layout-box clearfix&&</div>",
"线路标题": "<li>&&</li>",
"播放数组":"class=\"playlist-mobile playlist layout-box clearfix&&</div>",
"分类":"电视剧$2#陆剧$13#电影$1#动漫$30#综艺$29",
//"分类":"电视剧$2#陆剧$13#动漫$30#综艺$29",
//"分类url":"https://www.gimy.co/cat/{cateId}-{area}----------{year}.html",
"分类url":"https://www.gimy.co/cat/{cateId}-{area}-{by}---------{year}.html",
"年份":"2000-2022",
"筛选":"0"
}
//https://www.gimy.co/cat/{cateId}-{area}----------{year}.html
//https://www.gimy.co/cat/{cateId}-{area}-time---------{year}.html
