[

{"name":"推荐",
"list":[
{"name":"雷蒙影视应用商店","url":"https://gh-proxy.com/https://raw.githubusercontent.com/n3rddd/N3RD/master/JN/N3RD/W/POSTER1.png","icon":"https://gh-proxy.com/https://raw.githubusercontent.com/n3rddd/N3RD/master/JN/N3RD/W/POSTER2.png"}
]
},

{"name":"雷蒙影视 标准版",
"list":[
{"name":"雷蒙影视 STD VER.","url":"https://gh-proxy.com/https://raw.githubusercontent.com/n3rddd/MARKET/main/APP/CRIMETV5.5.0.apk","icon":"https://gh-proxy.com/https://raw.githubusercontent.com/n3rddd/N3RD/master/JN/N3RD/W/COVER1.png","version":"5.5.0"}
]
},

{"name":"雷蒙影视 专业版",
"list":[
{"name":"雷蒙影视 PRO VER.","url":"https://gh-proxy.com/https://raw.githubusercontent.com/n3rddd/MARKET/main/APP/CRIMETVPRO3.0.0v7a.apk","icon":"https://gh-proxy.com/https://raw.githubusercontent.com/n3rddd/N3RD/master/JN/N3RD/W/COVER2.png","version":"3.0.0 32位"},
{"name":"雷蒙影视 PRO VER.","url":"https://gh-proxy.com/https://raw.githubusercontent.com/n3rddd/MARKET/main/APP/CRIMETVPRO3.0.0.apk","icon":"https://gh-proxy.com/https://raw.githubusercontent.com/n3rddd/N3RD/master/JN/N3RD/W/COVER2.png","version":"3.0.0 64位"}
]
},

{"name":"雷蒙影视 LUST版",
"list":[
{"name":"雷蒙影视 LUST VER.","url":"https://gh-proxy.com/https://raw.githubusercontent.com/n3rddd/MARKET/main/APP/LUSTTV2.0.0.apk","icon":"https://gh-proxy.com/https://raw.githubusercontent.com/n3rddd/N3RD/master/JN/N3RD/W/COVER3.png","version":"2.0.0"}
]
},
  
{"name":"本地包【将复制的链接粘贴到配置地址】",
"list":[
{"name":"雷蒙影视1102","url":"https://gh-proxy.com/https://raw.githubusercontent.com/n3rddd/MARKET/main/PAK/LEM1102.zip","icon":"https://gh-proxy.com/https://raw.githubusercontent.com/n3rddd/N3RD/master/JN/N3RD/W/POSTER1.png","version":"20231102","copy":"clan://localhost/Download/lem/lem.json"},
{"name":"雷蒙影视1101","url":"https://gh-proxy.com/https://raw.githubusercontent.com/n3rddd/MARKET/main/PAK/LEM1101.zip","icon":"https://gh-proxy.com/https://raw.githubusercontent.com/n3rddd/N3RD/master/JN/N3RD/W/POSTER1.png","version":"20231101","copy":"clan://localhost/Download/lem/lem.json"},
{"name":"雷蒙影视1029","url":"https://gh-proxy.com/https://raw.githubusercontent.com/n3rddd/MARKET/main/PAK/LEM1029.zip","icon":"https://gh-proxy.com/https://raw.githubusercontent.com/n3rddd/N3RD/master/JN/N3RD/W/POSTER1.png","version":"20231029","copy":"clan://localhost/Download/lem/lem.json"},
{"name":"雷蒙影视1026","url":"https://gh-proxy.com/https://raw.githubusercontent.com/n3rddd/MARKET/main/PAK/LEM1026.zip","icon":"https://gh-proxy.com/https://raw.githubusercontent.com/n3rddd/N3RD/master/JN/N3RD/W/POSTER1.png","version":"20231026","copy":"clan://localhost/Download/lem/lem.json"},

{"name":"香雅情1109","url":"https://gh-proxy.com/https://raw.githubusercontent.com/n3rddd/MARKET/main/PAK/XYQ1109.zip","icon":"https://gh-proxy.com/https://raw.githubusercontent.com/n3rddd/N3RD/master/JN/N3RD/W/POSTER2.png","version":"20231109","copy":"clan://localhost/Download/XYQTVBox/XYQTVBox.json"},
{"name":"香雅情1107","url":"https://gh-proxy.com/https://raw.githubusercontent.com/n3rddd/MARKET/main/PAK/XYQ1107.zip","icon":"https://gh-proxy.com/https://raw.githubusercontent.com/n3rddd/N3RD/master/JN/N3RD/W/POSTER2.png","version":"20231107","copy":"clan://localhost/Download/XYQTVBox/XYQTVBox.json"},
{"name":"香雅情1105","url":"https://gh-proxy.com/https://raw.githubusercontent.com/n3rddd/MARKET/main/PAK/XYQ1105.zip","icon":"https://gh-proxy.com/https://raw.githubusercontent.com/n3rddd/N3RD/master/JN/N3RD/W/POSTER2.png","version":"20231105","copy":"clan://localhost/Download/XYQTVBox/XYQTVBox.json"},

{"name":"WATSON1027","url":"https://gh-proxy.com/https://raw.githubusercontent.com/n3rddd/MARKET/main/PAK/WATSON1027.zip","icon":"https://gh-proxy.com/https://raw.githubusercontent.com/n3rddd/N3RD/master/JN/N3RD/W/POSTER2.png","version":"20231027","copy":"clan://localhost/Download/JS/js.json"}
]
},

{"name":"v7a",
"list":[
{"name":"荐片","url":"https://gh-proxy.com/https://raw.githubusercontent.com/FongMi/Release/main/so/libjpa_armeabi_v7a.so","icon":"https://gh-proxy.com/https://raw.githubusercontent.com/n3rddd/N3RD/master/JN/N3RD/W/POSTER1.png"},
{"name":"磁力-2","url":"https://gh-proxy.com/https://raw.githubusercontent.com/FongMi/Release/main/so/libxl_thunder_sdk_armeabi_v7a.so","icon":"https://gh-proxy.com/https://raw.githubusercontent.com/n3rddd/N3RD/master/JN/N3RD/W/POSTER1.png"},
{"name":"晴天","url":"https://gh-proxy.com/https://raw.githubusercontent.com/FongMi/Release/main/so/libmitv.so","icon":"https://gh-proxy.com/https://raw.githubusercontent.com/n3rddd/N3RD/master/JN/N3RD/W/POSTER1.png"},
{"name":"P2P","url":"https://gh-proxy.com/https://raw.githubusercontent.com/FongMi/Release/main/so/libp2p.so","icon":"https://gh-proxy.com/https://raw.githubusercontent.com/n3rddd/N3RD/master/JN/N3RD/W/POSTER1.png"},
{"name":"P3P","url":"https://gh-proxy.com/https://raw.githubusercontent.com/FongMi/Release/main/so/libp3p.so","icon":"https://gh-proxy.com/https://raw.githubusercontent.com/n3rddd/N3RD/master/JN/N3RD/W/POSTER1.png"},
{"name":"P4P","url":"https://gh-proxy.com/https://raw.githubusercontent.com/FongMi/Release/main/so/libp4p.so","icon":"https://gh-proxy.com/https://raw.githubusercontent.com/n3rddd/N3RD/master/JN/N3RD/W/POSTER1.png"},
{"name":"P5P","url":"https://gh-proxy.com/https://raw.githubusercontent.com/FongMi/Release/main/so/libp5p.so","icon":"https://gh-proxy.com/https://raw.githubusercontent.com/n3rddd/N3RD/master/JN/N3RD/W/POSTER1.png"},
{"name":"P6P","url":"https://gh-proxy.com/https://raw.githubusercontent.com/FongMi/Release/main/so/libp6p.so","icon":"https://gh-proxy.com/https://raw.githubusercontent.com/n3rddd/N3RD/master/JN/N3RD/W/POSTER1.png"},
{"name":"P7P","url":"https://gh-proxy.com/https://raw.githubusercontent.com/FongMi/Release/main/so/libp7p.so","icon":"https://gh-proxy.com/https://raw.githubusercontent.com/n3rddd/N3RD/master/JN/N3RD/W/POSTER1.png"},
{"name":"P8P","url":"https://gh-proxy.com/https://raw.githubusercontent.com/FongMi/Release/main/so/libp8p.so","icon":"https://gh-proxy.com/https://raw.githubusercontent.com/n3rddd/N3RD/master/JN/N3RD/W/POSTER1.png"},
{"name":"P9P","url":"https://gh-proxy.com/https://raw.githubusercontent.com/FongMi/Release/main/so/libp9p.so","icon":"https://gh-proxy.com/https://raw.githubusercontent.com/n3rddd/N3RD/master/JN/N3RD/W/POSTER1.png"}
]
},

{"name":"v8a",
"list":[
{"name":"荐片","url":"https://gh-proxy.com/https://raw.githubusercontent.com/FongMi/Release/main/so/libjpa_arm64_v8a.so","icon":"https://gh-proxy.com/https://raw.githubusercontent.com/n3rddd/N3RD/master/JN/N3RD/W/POSTER1.png"},
{"name":"磁力-1","url":"https://gh-proxy.com/https://raw.githubusercontent.com/FongMi/Release/main/so/libxl_stat_arm64_v8a.so","icon":"https://gh-proxy.com/https://raw.githubusercontent.com/n3rddd/N3RD/master/JN/N3RD/W/POSTER1.png"},
{"name":"磁力-2","url":"https://gh-proxy.com/https://raw.githubusercontent.com/FongMi/Release/main/so/libxl_thunder_sdk_arm64_v8a.so","icon":"https://gh-proxy.com/https://raw.githubusercontent.com/n3rddd/N3RD/master/JN/N3RD/W/POSTER1.png"}
]
}

]
