{
"作者":"张弘",
"站名":"天空影视",
"主页url":"https://tkznp.com",
"二次截取":"class=\"module-items&&class=\"fixedGroup",
"数组":"<a&&module-poster-item-info",
"图片":"data-original=\"&&\"",
"标题":"title=\"&&\"",
"链接":"href=\"&&\"",
"副标题":"note\">&&</div>",
"搜索url":"/vodsearch/page/{pg}/wd/{wd}.html",
"搜索模式": "0",
"搜索数组":"module-item\">&&</a>",
"搜索图片":"data-original=\"&&\"",
"搜索标题":"alt=\"&&\"",
"搜索链接":"href=\"&&\"",
"搜索副标题":"note\">&&</div>",
"搜索后缀":"/voddetail/",
"线路数组":"<div class=\"module-tab-item tab-item&&</div>",
"线路标题":"<span>&&</small>[替换:</span><small>>>♡]+集♡",
"播放数组":"class=\"module-play-list\"&&</div>",
"影片类型":"<div class=\"module-info-tag\">&&立即播放",
"导演":"导演：&&</div>",
"主演":"主演：&&</div>",
"简介":"<p>&&</p>",
"播放列表":"<a&&/a>",
"播放标题":"<span>&&</span>",
"播放链接":"href=\"&&\"",
"分类":"电影&电视剧&综艺&动漫&日韩&欧美&bilibili&午夜剧场",
"分类值":"1&2&3&4&15&16&29&40",
"分类url":"https://tkznp.com/vodshow/area/{area}/by/{by}/class/{class}/id/{cateId}/lang/{lang}/letter/{letter}/page/{catePg}/year/{year}.html",

"免嗅":"1",
"筛选":{
"1":[
{
"key":"cateId",
"name":"类型",
"value":[
{"n":"全部","v":""},
{"n":"动作","v":"5"},
{"n":"爱情","v":"7"},
{"n":"科幻","v":"8"},
{"n":"恐怖","v":"9"},
{"n":"剧情","v":"11"},
{"n":"战争","v":"12"},
{"n":"惊悚","v":"17"},
{"n":"犯罪","v":"18"},
{"n":"冒险","v":"19"},
{"n":"悬疑","v":"20"},
{"n":"动画","v":"21"},
{"n":"武侠","v":"22"},
{"n":"奇幻","v":"23"},
{"n":"记录","v":"24"},
{"n":"喜剧片","v":"31"},
{"n":"灾难","v":"35"},
{"n":"伦理","v":"36"}
]
},
{
"key":"class",
"name":"剧情",
"value":[
{"n":"全部","v":""},
{"n":"喜剧","v":"喜剧"},
{"n":"爱情","v":"爱情"},
{"n":"恐怖","v":"恐怖"},
{"n":"动作","v":"动作"},
{"n":"科幻","v":"科幻"},
{"n":"剧情","v":"剧情"},
{"n":"战争","v":"战争"},
{"n":"警匪","v":"警匪"},
{"n":"犯罪","v":"犯罪"},
{"n":"动画","v":"动画"},
{"n":"奇幻","v":"奇幻"},
{"n":"武侠","v":"武侠"},
{"n":"冒险","v":"冒险"},
{"n":"枪战","v":"枪战"},
{"n":"悬疑","v":"悬疑"},
{"n":"惊悚","v":"惊悚"},
{"n":"经典","v":"经典"},
{"n":"青春","v":"青春"},
{"n":"文艺","v":"文艺"},
{"n":"微电影","v":"微电影"},
{"n":"古装","v":"古装"},
{"n":"历史","v":"历史"},
{"n":"运动","v":"运动"},
{"n":"农村","v":"农村"},
{"n":"儿童","v":"儿童"},
{"n":"网络电影","v":"网络电影"}
]
},
{
"key":"area",
"name":"地区",
"value":[
{"n":"全部","v":""},
{"n":"大陆","v":"大陆"},
{"n":"香港","v":"香港"},
{"n":"台湾","v":"台湾"},
{"n":"美国","v":"美国"},
{"n":"法国","v":"法国"},
{"n":"英国","v":"英国"},
{"n":"日本","v":"日本"},
{"n":"韩国","v":"韩国"},
{"n":"德国","v":"德国"},
{"n":"泰国","v":"泰国"},
{"n":"印度","v":"印度"},
{"n":"意大利","v":"意大利"},
{"n":"西班牙","v":"西班牙"},
{"n":"加拿大","v":"加拿大"},
{"n":"其他","v":"其他"}
]
},
{
"key":"lang",
"name":"语言",
"value":[
{"n":"全部","v":""},
{"n":"国语","v":"国语"},
{"n":"英语","v":"英语"},
{"n":"粤语","v":"粤语"},
{"n":"闽南语","v":"闽南语"},
{"n":"韩语","v":"韩语"},
{"n":"日语","v":"日语"},
{"n":"法语","v":"法语"},
{"n":"德语","v":"德语"},
{"n":"其它","v":"其它"}
]
},
{
"key":"year",
"name":"年份",
"value":[
{"n":"全部","v":""},
{"n":"2023","v":"2023"},
{"n":"2022","v":"2022"},
{"n":"2021","v":"2021"},
{"n":"2020","v":"2020"},
{"n":"2019","v":"2019"},
{"n":"2018","v":"2018"},
{"n":"2017","v":"2017"},
{"n":"2016-2011","v":"2016-2011"},
{"n":"2010-2000","v":"2010-2000"},
{"n":"1999-1990","v":"1999-1990"},
{"n":"1989-1980","v":"1980-1980"}
]
},
{
"key":"by",
"name":"排序",
"value":[
{"n":"全部","v":""},
{"n":"时间","v":"time"},
{"n":"人气","v":"hits"},
{"n":"评分","v":"score"}
]
}
],
"2":[
{
"key":"cateId",
"name":"类型",
"value":[
{"n":"全部","v":""},
{"n":"喜剧","v":"6"},
{"n":"国产剧","v":"13"},
{"n":"港台剧","v":"14"},
{"n":"日韩剧","v":"32"},
{"n":"欧美剧","v":"33"},
{"n":"泰国剧","v":"34"}
]
},
{
"key":"class",
"name":"剧情",
"value":[
{"n":"全部","v":""},
{"n":"古装","v":"古装"},
{"n":"言情","v":"言情"},
{"n":"武侠","v":"武侠"},
{"n":"偶像","v":"偶像"},
{"n":"家庭","v":"家庭"},
{"n":"青春","v":"青春"},
{"n":"都市","v":"都市"},
{"n":"喜剧","v":"喜剧"},
{"n":"战争","v":"战争"},
{"n":"军旅","v":"军旅"},
{"n":"谍战","v":"谍战"},
{"n":"悬疑","v":"悬疑"},
{"n":"罪案","v":"罪案"},
{"n":"穿越","v":"穿越"},
{"n":"宫廷","v":"宫廷"},
{"n":"历史","v":"历史"},
{"n":"神话","v":"神话"},
{"n":"科幻","v":"科幻"},
{"n":"年代","v":"年代"},
{"n":"农村","v":"农村"},
{"n":"商战","v":"商战"},
{"n":"剧情","v":"剧情"},
{"n":"奇幻","v":"奇幻"},
{"n":"网剧","v":"网剧"},
{"n":"真人动漫","v":"真人动漫"},
{"n":"体育电竞","v":"体育电竞"},
{"n":"竖短片","v":"竖短片"}
]
},
{
"key":"area",
"name":"地区",
"value":[
{"n":"全部","v":""},
{"n":"内地","v":"内地"},
{"n":"香港","v":"香港"},
{"n":"台湾","v":"台湾"},
{"n":"日本","v":"日本"},
{"n":"韩国","v":"韩国"},
{"n":"美国","v":"美国"},
{"n":"英国","v":"英国"},
{"n":"泰国","v":"泰国"},
{"n":"其他","v":"其他"}
]
},
{
"key":"lang",
"name":"语言",
"value":[
{"n":"全部","v":""},
{"n":"国语","v":"国语"},
{"n":"英语","v":"英语"},
{"n":"粤语","v":"粤语"},
{"n":"闽南语","v":"闽南语"},
{"n":"韩语","v":"韩语"},
{"n":"日语","v":"日语"},
{"n":"其它","v":"其它"}
]
},
{
"key":"year",
"name":"年份",
"value":[
{"n":"全部","v":""},
{"n":"2023","v":"2023"},
{"n":"2022","v":"2022"},
{"n":"2021","v":"2021"},
{"n":"2020","v":"2020"},
{"n":"2019","v":"2019"},
{"n":"2018","v":"2018"},
{"n":"2017","v":"2017"},
{"n":"2016-2011","v":"2016-2011"},
{"n":"2010-2000","v":"2010-2000"},
{"n":"1999-1990","v":"1999-1990"},
{"n":"1989-1980","v":"1980-1980"}
]
},
{
"key":"by",
"name":"排序",
"value":[
{"n":"全部","v":""},
{"n":"时间","v":"time"},
{"n":"人气","v":"hits"},
{"n":"评分","v":"score"}
]
}
],
"3":[
{
"key":"cateId",
"name":"类型",
"value":[
{"n":"全部","v":""},
{"n":"国内综艺","v":"38"},
{"n":"海外综艺","v":"39"}
]
},
{
"key":"class",
"name":"剧情",
"value":[
{"n":"全部","v":""},
{"n":"表演","v":"表演"},
{"n":"播报","v":"播报"},
{"n":"访谈","v":"访谈"},
{"n":"体验","v":"体验"},
{"n":"养成","v":"养成"},
{"n":"游戏","v":"游戏"},
{"n":"亲子","v":"亲子"},
{"n":"美食","v":"美食"},
{"n":"情感","v":"情感"},
{"n":"选秀","v":"选秀"},
{"n":"益智","v":"益智"},
{"n":"晚会","v":"晚会"},
{"n":"音乐","v":"音乐"},
{"n":"文化","v":"文化"},
{"n":"喜剧","v":"喜剧"},
{"n":"曲艺","v":"曲艺"},
{"n":"职场","v":"职场"},
{"n":"脱口秀","v":"脱口秀"},
{"n":"真人秀","v":"真人秀"},
{"n":"竞技","v":"竞技"},
{"n":"潮流文化","v":"潮流文化"},
{"n":"体育","v":"体育"},
{"n":"资讯","v":"资讯"},
{"n":"萌宠","v":"萌宠"},
{"n":"生活服务","v":"生活服务"}
]
},
{
"key":"area",
"name":"地区",
"value":[
{"n":"全部","v":""},
{"n":"内地","v":"内地"},
{"n":"香港","v":"香港"},
{"n":"台湾","v":"台湾"},
{"n":"日本","v":"日本"},
{"n":"韩国","v":"韩国"},
{"n":"美国","v":"美国"}
]
},
{
"key":"lang",
"name":"语言",
"value":[
{"n":"全部","v":""},
{"n":"国语","v":"国语"},
{"n":"英语","v":"英语"},
{"n":"粤语","v":"粤语"},
{"n":"闽南语","v":"闽南语"},
{"n":"韩语","v":"韩语"},
{"n":"日语","v":"日语"},
{"n":"其它","v":"其它"}
]
},
{
"key":"year",
"name":"年份",
"value":[
{"n":"全部","v":""},
{"n":"2023","v":"2023"},
{"n":"2022","v":"2022"},
{"n":"2021","v":"2021"},
{"n":"2020","v":"2020"},
{"n":"2019","v":"2019"},
{"n":"2018","v":"2018"},
{"n":"2017","v":"2017"},
{"n":"2016-2011","v":"2016-2011"},
{"n":"2010-2000","v":"2010-2000"},
{"n":"1999-1990","v":"1999-1990"},
{"n":"1989-1980","v":"1980-1980"}
]
},
{
"key":"by",
"name":"排序",
"value":[
{"n":"全部","v":""},
{"n":"时间","v":"time"},
{"n":"人气","v":"hits"},
{"n":"评分","v":"score"}
]
}
],
"4":[
{
"key":"cateId",
"name":"类型",
"value":[
{"n":"全部","v":""},
{"n":"国产动漫","v":"26"},
{"n":"日本动漫","v":"27"},
{"n":"欧美动漫","v":"37"}
]
},
{
"key":"class",
"name":"剧情",
"value":[
{"n":"全部","v":""},
{"n":"热门","v":"热门"},
{"n":"搞笑","v":"搞笑"},
{"n":"番剧","v":"番剧"},
{"n":"国创","v":"国创"},
{"n":"大电影","v":"大电影"},
{"n":"热血","v":"热血"},
{"n":"催泪","v":"催泪"},
{"n":"治愈","v":"治愈"},
{"n":"励志","v":"励志"},
{"n":"机战","v":"机战"},
{"n":"战斗","v":"战斗"},
{"n":"恋爱","v":"恋爱"},
{"n":"科幻","v":"科幻"},
{"n":"奇幻","v":"奇幻"},
{"n":"魔幻","v":"魔幻"},
{"n":"推理","v":"推理"},
{"n":"校园","v":"校园"},
{"n":"日常","v":"日常"},
{"n":"经典","v":"经典"},
{"n":"历史","v":"历史"},
{"n":"美食","v":"美食"},
{"n":"职场","v":"职场"},
{"n":"偶像","v":"偶像"},
{"n":"泡面","v":"泡面"},
{"n":"冒险","v":"冒险"},
{"n":"竞技","v":"竞技"},
{"n":"合家欢","v":"合家欢"},
{"n":"武侠","v":"武侠"},
{"n":"玄幻","v":"玄幻"}
]
},
{
"key":"area",
"name":"地区",
"value":[
{"n":"全部","v":""},
{"n":"内地","v":"内地"},
{"n":"日本","v":"日本"},
{"n":"欧美","v":"欧美"},
{"n":"其他","v":"其他"}
]
},
{
"key":"lang",
"name":"语言",
"value":[
{"n":"全部","v":""},
{"n":"国语","v":"国语"},
{"n":"英语","v":"英语"},
{"n":"粤语","v":"粤语"},
{"n":"闽南语","v":"闽南语"},
{"n":"韩语","v":"韩语"},
{"n":"日语","v":"日语"},
{"n":"其它","v":"其它"}
]
},
{
"key":"year",
"name":"年份",
"value":[
{"n":"全部","v":""},
{"n":"2023","v":"2023"},
{"n":"2022","v":"2022"},
{"n":"2021","v":"2021"},
{"n":"2020","v":"2020"},
{"n":"2019","v":"2019"},
{"n":"2018","v":"2018"},
{"n":"2017","v":"2017"},
{"n":"2016-2011","v":"2016-2011"},
{"n":"2010-2000","v":"2010-2000"},
{"n":"1999-1990","v":"1999-1990"},
{"n":"1989-1980","v":"1980-1980"}
]
},
{
"key":"by",
"name":"排序",
"value":[
{"n":"全部","v":""},
{"n":"时间","v":"time"},
{"n":"人气","v":"hits"},
{"n":"评分","v":"score"}
]
}
],
"40":[
{
"key":"area",
"name":"地区",
"value":[
{"n":"全部","v":""},
{"n":"大陆","v":"大陆"},
{"n":"香港","v":"香港"},
{"n":"台湾","v":"台湾"},
{"n":"美国","v":"美国"},
{"n":"法国","v":"法国"},
{"n":"英国","v":"英国"},
{"n":"日本","v":"日本"},
{"n":"韩国","v":"韩国"},
{"n":"德国","v":"德国"},
{"n":"泰国","v":"泰国"},
{"n":"印度","v":"印度"},
{"n":"意大利","v":"意大利"},
{"n":"西班牙","v":"西班牙"},
{"n":"加拿大","v":"加拿大"},
{"n":"其他","v":"其他"}
]
},
{
"key":"lang",
"name":"语言",
"value":[
{"n":"全部","v":""},
{"n":"国语","v":"国语"},
{"n":"英语","v":"英语"},
{"n":"粤语","v":"粤语"},
{"n":"闽南语","v":"闽南语"},
{"n":"韩语","v":"韩语"},
{"n":"日语","v":"日语"},
{"n":"法语","v":"法语"},
{"n":"德语","v":"德语"},
{"n":"其它","v":"其它"}
]
},
{
"key":"year",
"name":"年份",
"value":[
{"n":"全部","v":""},
{"n":"2023","v":"2023"},
{"n":"2022","v":"2022"},
{"n":"2021","v":"2021"},
{"n":"2020","v":"2020"},
{"n":"2019","v":"2019"},
{"n":"2018","v":"2018"},
{"n":"2017","v":"2017"},
{"n":"2016-2011","v":"2016-2011"},
{"n":"2010-2000","v":"2010-2000"},
{"n":"1999-1990","v":"1999-1990"},
{"n":"1989-1980","v":"1980-1980"}
]
},
{
"key":"by",
"name":"排序",
"value":[
{"n":"全部","v":""},
{"n":"时间","v":"time"},
{"n":"人气","v":"hits"},
{"n":"评分","v":"score"}
]
}
]
}
}