{
"作者":"张弘",
"站名":"黑狐影院",
"主页url":"http://www.heihu.tv",
"数组":"stui-vodlist__box&&</div>",
"图片":"data-original=\"&&\"",
"标题":"title=\"&&\"",
"链接":"href=\"&&\"",
"副标题":"text-right\">&&</span>",
//"搜索url":"http://www.heihu.tv/search.php",
"搜索模式":"1",
"搜索数组":"<a class=\"stui-vodlist__thumb&&</a>",
"搜索图片":"data-original=\"&&\"",
"搜索标题":"title=\"&&\"",
"搜索链接":"href=\"&&\"",
"搜索副标题":"text-right\">&&</span>",
"线路数组":"href=\"#down&&/a>",
"线路标题":">&&<",
"播放数组":"class=\"stui-content__playlist clearfix&&</ul>",
"影片类型":"类型：&&</p>",
"导演":"导演：&&</p>",
"主演":"主演：&&</p>",
"简介":"简介：&&</div>",
"播放列表":"<a&&/a>",
"播放标题":">&&<",
"播放链接":"href=\"&&\"",
"免嗅":"0",
"分类":"电影$1#电视剧$2#动漫$3#综艺$4#伦理$40",
"分类url":"http://www.heihu.tv/list/{cateId}_{catePg}.html?order=time"
}