[

{"name":"推荐",
"list":[
{"name":"雷蒙影视应用商店","url":"https://mirror.ghproxy.com/https://raw.githubusercontent.com/n3rddd/N3RD/master/JN/N3RD/W/POSTER1.png","icon":"https://mirror.ghproxy.com/https://raw.githubusercontent.com/n3rddd/N3RD/master/JN/N3RD/W/POSTER2.png"}
]
},

{"name":"雷蒙影视 标准版",
"list":[
{"name":"雷蒙影视 STD VER.","url":"https://mirror.ghproxy.com/https://raw.githubusercontent.com/n3rddd/MARKET/main/APP/CRIMETV5.5.0.apk","version":"5.5.0 20230902","icon":"https://mirror.ghproxy.com/https://raw.githubusercontent.com/n3rddd/N3RD/master/JN/N3RD/W/COVER1.png"}
]
},

{"name":"雷蒙影视 专业版",
"list":[
{"name":"雷蒙影视 PRO VER.","url":"https://mirror.ghproxy.com/https://raw.githubusercontent.com/n3rddd/MARKET/main/APP/CRIMETVPRO3.1.0v7a.apk","version":"3.1.0 32位 20231124","icon":"https://mirror.ghproxy.com/https://raw.githubusercontent.com/n3rddd/N3RD/master/JN/N3RD/W/COVER2.png"},
{"name":"雷蒙影视 PRO VER.","url":"https://mirror.ghproxy.com/https://raw.githubusercontent.com/n3rddd/MARKET/main/APP/CRIMETVPRO3.1.0v8a.apk","version":"3.1.0 64位 20231124","icon":"https://mirror.ghproxy.com/https://raw.githubusercontent.com/n3rddd/N3RD/master/JN/N3RD/W/COVER2.png"},
{"name":"雷蒙影视 PRO VER.","url":"https://mirror.ghproxy.com/https://raw.githubusercontent.com/n3rddd/MARKET/main/APP/CRIMETVPRO3.0.0v7a.apk","version":"3.0.0 32位 20230927","icon":"https://mirror.ghproxy.com/https://raw.githubusercontent.com/n3rddd/N3RD/master/JN/N3RD/W/COVER2.png"},
{"name":"雷蒙影视 PRO VER.","url":"https://mirror.ghproxy.com/https://raw.githubusercontent.com/n3rddd/MARKET/main/APP/CRIMETVPRO3.0.0v8a.apk","version":"3.0.0 64位 20230927","icon":"https://mirror.ghproxy.com/https://raw.githubusercontent.com/n3rddd/N3RD/master/JN/N3RD/W/COVER2.png"}
]
},

{"name":"雷蒙影视 LUST版",
"list":[
{"name":"雷蒙影视 LUST VER.","url":"https://mirror.ghproxy.com/https://raw.githubusercontent.com/n3rddd/MARKET/main/APP/LUSTTV3.0.2.apk","version":"3.0.2 20231203","icon":"https://mirror.ghproxy.com/https://raw.githubusercontent.com/n3rddd/N3RD/master/JN/N3RD/W/COVER3.png"},
{"name":"雷蒙影视 LUST VER.","url":"https://mirror.ghproxy.com/https://raw.githubusercontent.com/n3rddd/MARKET/main/APP/LUSTTV3.0.1.apk","version":"3.0.1 20231128","icon":"https://mirror.ghproxy.com/https://raw.githubusercontent.com/n3rddd/N3RD/master/JN/N3RD/W/COVER3.png"},
{"name":"雷蒙影视 LUST VER.","url":"https://mirror.ghproxy.com/https://raw.githubusercontent.com/n3rddd/MARKET/main/APP/LUSTTV3.0.0.apk","version":"3.0.0 20231125","icon":"https://mirror.ghproxy.com/https://raw.githubusercontent.com/n3rddd/N3RD/master/JN/N3RD/W/COVER3.png"},
{"name":"雷蒙影视 LUST VER.","url":"https://mirror.ghproxy.com/https://raw.githubusercontent.com/n3rddd/MARKET/main/APP/LUSTTV2.0.0.apk","version":"2.0.0 20230326","icon":"https://mirror.ghproxy.com/https://raw.githubusercontent.com/n3rddd/N3RD/master/JN/N3RD/W/COVER3.png"}
]
},
  
{"name":"本地包【将复制的链接粘贴到配置地址】",
"list":[
{"name":"雷蒙影视1203","url":"https://mirror.ghproxy.com/https://raw.githubusercontent.com/n3rddd/MARKET/main/PAK/LEM1203.zip","version":"20231203","icon":"https://mirror.ghproxy.com/https://raw.githubusercontent.com/n3rddd/N3RD/master/JN/N3RD/W/P1.jpg","copy":"clan://localhost/Download/lem/lem.json"},
{"name":"雷蒙影视1127","url":"https://mirror.ghproxy.com/https://raw.githubusercontent.com/n3rddd/MARKET/main/PAK/LEM1127.zip","version":"20231127","icon":"https://mirror.ghproxy.com/https://raw.githubusercontent.com/n3rddd/N3RD/master/JN/N3RD/W/P1.jpg","copy":"clan://localhost/Download/lem/lem.json"},
{"name":"雷蒙影视1125","url":"https://mirror.ghproxy.com/https://raw.githubusercontent.com/n3rddd/MARKET/main/PAK/LEM1125.zip","version":"20231125","icon":"https://mirror.ghproxy.com/https://raw.githubusercontent.com/n3rddd/N3RD/master/JN/N3RD/W/P1.jpg","copy":"clan://localhost/Download/lem/lem.json"},
{"name":"雷蒙影视1120","url":"https://mirror.ghproxy.com/https://raw.githubusercontent.com/n3rddd/MARKET/main/PAK/LEM1120.zip","version":"20231120","icon":"https://mirror.ghproxy.com/https://raw.githubusercontent.com/n3rddd/N3RD/master/JN/N3RD/W/P1.jpg","copy":"clan://localhost/Download/lem/lem.json"},

{"name":"PNDGRV1210","url":"https://mirror.ghproxy.com/https://raw.githubusercontent.com/n3rddd/MARKET/main/PAK/PG1210.zip","version":"20231210","icon":"https://mirror.ghproxy.com/https://raw.githubusercontent.com/n3rddd/N3RD/master/JN/N3RD/W/P9.jpg","copy":"clan://localhost/Download/PG/jsm.json"},
{"name":"PNDGRV1203","url":"https://mirror.ghproxy.com/https://raw.githubusercontent.com/n3rddd/MARKET/main/PAK/PG1203.zip","version":"20231203","icon":"https://mirror.ghproxy.com/https://raw.githubusercontent.com/n3rddd/N3RD/master/JN/N3RD/W/P9.jpg","copy":"clan://localhost/Download/PG/jsm.json"},
{"name":"PNDGRV1130","url":"https://mirror.ghproxy.com/https://raw.githubusercontent.com/n3rddd/MARKET/main/PAK/PG1130.zip","version":"20231130","icon":"https://mirror.ghproxy.com/https://raw.githubusercontent.com/n3rddd/N3RD/master/JN/N3RD/W/P9.jpg","copy":"clan://localhost/Download/PG/jsm.json"},
{"name":"PNDGRV1129","url":"https://mirror.ghproxy.com/https://raw.githubusercontent.com/n3rddd/MARKET/main/PAK/PG1129.zip","version":"20231129","icon":"https://mirror.ghproxy.com/https://raw.githubusercontent.com/n3rddd/N3RD/master/JN/N3RD/W/P9.jpg","copy":"clan://localhost/Download/PG/jsm.json"},
{"name":"PNDGRV1127","url":"https://mirror.ghproxy.com/https://raw.githubusercontent.com/n3rddd/MARKET/main/PAK/PG1127.zip","version":"20231127","icon":"https://mirror.ghproxy.com/https://raw.githubusercontent.com/n3rddd/N3RD/master/JN/N3RD/W/P9.jpg","copy":"clan://localhost/Download/PG/jsm.json"},

{"name":"香雅情1202","url":"https://mirror.ghproxy.com/https://raw.githubusercontent.com/n3rddd/MARKET/main/PAK/XYQ1202.zip","version":"20231202","icon":"https://mirror.ghproxy.com/https://raw.githubusercontent.com/n3rddd/N3RD/master/JN/N3RD/W/P8.jpg","copy":"clan://localhost/Download/XYQTVBox/XYQTVBox.json"},
{"name":"香雅情1129","url":"https://mirror.ghproxy.com/https://raw.githubusercontent.com/n3rddd/MARKET/main/PAK/XYQ1129.zip","version":"20231129","icon":"https://mirror.ghproxy.com/https://raw.githubusercontent.com/n3rddd/N3RD/master/JN/N3RD/W/P8.jpg","copy":"clan://localhost/Download/XYQTVBox/XYQTVBox.json"},
{"name":"香雅情1124","url":"https://mirror.ghproxy.com/https://raw.githubusercontent.com/n3rddd/MARKET/main/PAK/XYQ1124.zip","version":"20231124","icon":"https://mirror.ghproxy.com/https://raw.githubusercontent.com/n3rddd/N3RD/master/JN/N3RD/W/P8.jpg","copy":"clan://localhost/Download/XYQTVBox/XYQTVBox.json"},

{"name":"OKCPTN1208","url":"https://mirror.ghproxy.com/https://raw.githubusercontent.com/n3rddd/MARKET/main/PAK/OK1208.zip","version":"20231208","icon":"https://mirror.ghproxy.com/https://raw.githubusercontent.com/n3rddd/N3RD/master/JN/N3RD/W/P2.jpg","copy":"clan://localhost/Download/ok/ok.json"},
{"name":"OKCPTN1203","url":"https://mirror.ghproxy.com/https://raw.githubusercontent.com/n3rddd/MARKET/main/PAK/OK1203.zip","version":"20231203","icon":"https://mirror.ghproxy.com/https://raw.githubusercontent.com/n3rddd/N3RD/master/JN/N3RD/W/P2.jpg","copy":"clan://localhost/Download/ok/ok.json"},
{"name":"OKCPTN1202","url":"https://mirror.ghproxy.com/https://raw.githubusercontent.com/n3rddd/MARKET/main/PAK/OK1202.zip","version":"20231202","icon":"https://mirror.ghproxy.com/https://raw.githubusercontent.com/n3rddd/N3RD/master/JN/N3RD/W/P2.jpg","copy":"clan://localhost/Download/ok/ok.json"},
{"name":"OKCPTN1201","url":"https://mirror.ghproxy.com/https://raw.githubusercontent.com/n3rddd/MARKET/main/PAK/OK1201.zip","version":"20231201","icon":"https://mirror.ghproxy.com/https://raw.githubusercontent.com/n3rddd/N3RD/master/JN/N3RD/W/P2.jpg","copy":"clan://localhost/Download/ok/ok.json"},
{"name":"OKCPTN1130","url":"https://mirror.ghproxy.com/https://raw.githubusercontent.com/n3rddd/MARKET/main/PAK/OK1130.zip","version":"20231130","icon":"https://mirror.ghproxy.com/https://raw.githubusercontent.com/n3rddd/N3RD/master/JN/N3RD/W/P2.jpg","copy":"clan://localhost/Download/ok/ok.json"},

{"name":"WATSON1206","url":"https://mirror.ghproxy.com/https://raw.githubusercontent.com/n3rddd/MARKET/main/PAK/WATSON1206.zip","version":"20231206","icon":"https://mirror.ghproxy.com/https://raw.githubusercontent.com/n3rddd/N3RD/master/JN/N3RD/W/P10.jpg","copy":"clan://localhost/Download/JS/js.json"},
{"name":"WATSON1123","url":"https://mirror.ghproxy.com/https://raw.githubusercontent.com/n3rddd/MARKET/main/PAK/WATSON1123.zip","version":"20231123","icon":"https://mirror.ghproxy.com/https://raw.githubusercontent.com/n3rddd/N3RD/master/JN/N3RD/W/P10.jpg","copy":"clan://localhost/Download/JS/js.json"},
{"name":"WATSON1115","url":"https://mirror.ghproxy.com/https://raw.githubusercontent.com/n3rddd/MARKET/main/PAK/WATSON1115.zip","version":"20231115","icon":"https://mirror.ghproxy.com/https://raw.githubusercontent.com/n3rddd/N3RD/master/JN/N3RD/W/P10.jpg","copy":"clan://localhost/Download/JS/js.json"},
{"name":"WATSON1027","url":"https://mirror.ghproxy.com/https://raw.githubusercontent.com/n3rddd/MARKET/main/PAK/WATSON1027.zip","version":"20231027","icon":"https://mirror.ghproxy.com/https://raw.githubusercontent.com/n3rddd/N3RD/master/JN/N3RD/W/P10.jpg","copy":"clan://localhost/Download/JS/js.json"}
]
},

{"name":"v7a","list":[
{"name":"av1","url":"https://mirror.ghproxy.com/https://raw.githubusercontent.com/lem85930/RLS/main/so/armeabi-v7a/libgav1JNI.so","version":"EXO","icon":"https://mirror.ghproxy.com/https://raw.githubusercontent.com/n3rddd/N3RD/master/JN/N3RD/W/POSTER2.png"},
{"name":"荐片","url":"https://mirror.ghproxy.com/https://raw.githubusercontent.com/lem85930/RLS/main/so/armeabi-v7a/libjpa.so","icon":"https://mirror.ghproxy.com/https://raw.githubusercontent.com/n3rddd/N3RD/master/JN/N3RD/W/POSTER2.png"},
{"name":"磁力-1","url":"https://mirror.ghproxy.com/https://raw.githubusercontent.com/lem85930/RLS/main/so/armeabi-v7a/libxl_stat.so","icon":"https://mirror.ghproxy.com/https://raw.githubusercontent.com/n3rddd/N3RD/master/JN/N3RD/W/POSTER2.png"},
{"name":"磁力-2","url":"https://mirror.ghproxy.com/https://raw.githubusercontent.com/lem85930/RLS/main/so/armeabi-v7a/libxl_thunder_sdk.so","icon":"https://mirror.ghproxy.com/https://raw.githubusercontent.com/n3rddd/N3RD/master/JN/N3RD/W/POSTER2.png"},
{"name":"晴天","url":"https://mirror.ghproxy.com/https://raw.githubusercontent.com/lem85930/RLS/main/so/armeabi-v7a/libmitv.so","icon":"https://mirror.ghproxy.com/https://raw.githubusercontent.com/n3rddd/N3RD/master/JN/N3RD/W/POSTER2.png"},
{"name":"P2P","url":"https://mirror.ghproxy.com/https://raw.githubusercontent.com/lem85930/RLS/main/so/armeabi-v7a/libp2p.so","icon":"https://mirror.ghproxy.com/https://raw.githubusercontent.com/n3rddd/N3RD/master/JN/N3RD/W/POSTER2.png"},
{"name":"P3P","url":"https://mirror.ghproxy.com/https://raw.githubusercontent.com/lem85930/RLS/main/so/armeabi-v7a/libp3p.so","icon":"https://mirror.ghproxy.com/https://raw.githubusercontent.com/n3rddd/N3RD/master/JN/N3RD/W/POSTER2.png"},
{"name":"P4P","url":"https://mirror.ghproxy.com/https://raw.githubusercontent.com/lem85930/RLS/main/so/armeabi-v7a/libp4p.so","icon":"https://mirror.ghproxy.com/https://raw.githubusercontent.com/n3rddd/N3RD/master/JN/N3RD/W/POSTER2.png"},
{"name":"P5P","url":"https://mirror.ghproxy.com/https://raw.githubusercontent.com/lem85930/RLS/main/so/armeabi-v7a/libp5p.so","icon":"https://mirror.ghproxy.com/https://raw.githubusercontent.com/n3rddd/N3RD/master/JN/N3RD/W/POSTER2.png"},
{"name":"P6P","url":"https://mirror.ghproxy.com/https://raw.githubusercontent.com/lem85930/RLS/main/so/armeabi-v7a/libp6p.so","icon":"https://mirror.ghproxy.com/https://raw.githubusercontent.com/n3rddd/N3RD/master/JN/N3RD/W/POSTER2.png"},
{"name":"P7P","url":"https://mirror.ghproxy.com/https://raw.githubusercontent.com/lem85930/RLS/main/so/armeabi-v7a/libp7p.so","icon":"https://mirror.ghproxy.com/https://raw.githubusercontent.com/n3rddd/N3RD/master/JN/N3RD/W/POSTER2.png"},
{"name":"P8P","url":"https://mirror.ghproxy.com/https://raw.githubusercontent.com/lem85930/RLS/main/so/armeabi-v7a/libp8p.so","icon":"https://mirror.ghproxy.com/https://raw.githubusercontent.com/n3rddd/N3RD/master/JN/N3RD/W/POSTER2.png"},
{"name":"P9P","url":"https://mirror.ghproxy.com/https://raw.githubusercontent.com/lem85930/RLS/main/so/armeabi-v7a/libp9p.so","icon":"https://mirror.ghproxy.com/https://raw.githubusercontent.com/n3rddd/N3RD/master/JN/N3RD/W/POSTER2.png"}
]
},

{"name":"v8a","list":[
{"name":"av1","url":"https://mirror.ghproxy.com/https://raw.githubusercontent.com/lem85930/RLS/main/so/arm64-v8a/libgav1JNI.so","version":"EXO","icon":"https://mirror.ghproxy.com/https://raw.githubusercontent.com/n3rddd/N3RD/master/JN/N3RD/W/POSTER2.png"},
{"name":"荐片","url":"https://mirror.ghproxy.com/https://raw.githubusercontent.com/lem85930/RLS/main/so/arm64-v8a/libjpa.so","icon":"https://mirror.ghproxy.com/https://raw.githubusercontent.com/n3rddd/N3RD/master/JN/N3RD/W/POSTER2.png"},
{"name":"磁力-1","url":"https://mirror.ghproxy.com/https://raw.githubusercontent.com/lem85930/RLS/main/so/arm64-v8a/libxl_stat.so","icon":"https://mirror.ghproxy.com/https://raw.githubusercontent.com/n3rddd/N3RD/master/JN/N3RD/W/POSTER2.png"},
{"name":"磁力-2","url":"https://mirror.ghproxy.com/https://raw.githubusercontent.com/lem85930/RLS/main/so/arm64-v8a/libxl_thunder_sdk.so","icon":"https://mirror.ghproxy.com/https://raw.githubusercontent.com/n3rddd/N3RD/master/JN/N3RD/W/POSTER2.png"}
]
}

]
